Workbook
Name Campaign_Code: 'Backup of Everyday RewardsFSC D'!$F$15
Name Campaign_Code: 'Everyday RewardsServices Data B'!$F$15
Name Campaign_Code: 'ONL Data Brief'!$F$15

Sheet Read Me First
B2: Read Me First
B4: Please note that as at 31-Jul-18 the Data Brief Form has been changed from one to three Data Brief Forms - one each for Woolworths Rewards or Frequent Shopper Club Customer Bases, Services Customer Bases, and Online Customer Bases, and other associated updates
B7: Tab 1: | C7: Data Brief Form - Woolworths Rewards or Frequent Shopper Club [FSC] Customer Bases
B8: Tab 2: | C8: Data Brief Form - Services Customer Bases
B9: Tab 3: | C9: Data Brief Form - Online Customer Bases
B11: Please use the Data Brief Form for the Business Area Customer Base your Campaign is targeting
B12: If your Campaign is targeting multiple Business Area Customer Bases, please complete the relevant Data Brief Form for each Business Area Customer Base

Sheet  1.0 BAU Campaign Set up
C6: Instructions:
C7: Please make a copy of the Form and Save to your Google Drive as: <Campaign Code>_1.0 Campaign Summary - BAU Campaign Set up Form_<v0.x>
C8: Complete the Form inputs
C9: Save the Form as a PDF by selecting: File > Download as > PDF document (.pdf)
C10: Upload to the Task in Simple
C13: Campaign Summary - BAU Campaign Set up
C15: Campaign Code
C16: =F20 -> OSP-3359
C18: Field Name | F18: Data
C20: cmpgn_code | F20: OSP-3359
C21: cmpgn_name | F21: OSP | N21: Note: Campaign Abbreviation
C22: description | F22: Points Multiplier
C23: cmpgn_type | F23: stretch | N23: Note: Default Value - Do Not Change
C24: cmpgn_mgr | F24: Danae Robinson
C25: cmpgn_mgr_email | F25: drobinson2@woolworths.com.au
C26: business_unit | F26: OSP
C27: lifecycle_start_dt | F27: 43957
C28: lifecycle_end_dt | F28: 43977
C29: source_system | F29: BAU
C30: fake_activn_ind | F30: N
C31: user_activn_ind | F31: Y
C32: pre_activn_ind | F32: N
C33: activn_type | F33: Single Week [S] | N33: Notes - Activation Type:
C34: audience_type | F34: Member | N34: - Single Week [S]: Used for Multiplier Offer Construct
C35: Activation Number of Days | F35: 11 | N35: - Parallel [P]: All Offers Start Date and End Dates are same. Used for Multiplier Offer Construct
C36: Sales Channel Type | F36: In store | N36: - Multi Week [M]: Offer Start Dates and End Dates are sequential, i.e.: the first offer ends then the second offer starts. Used for SOW and Continuity Offer Constructs. Not avaialable as at 16Nov18. Displays Calendar View
C37: Generate Control Group | F37: Yes | N37: - Choice [C]: Member chooses preferred Offer, e.g.: Points OR Google Mini
C38: Offer Length Days | F38: 7
C39: Redemption Limit | F39: 1
C40: Generate Promotion Codes | F40: No

Sheet Tab 1 Data Brief WR or FSC Cust
B5: Instructions:
B6: Please make a copy of the Form and Save to your Google Drive as: <Campaign Code>_2.0. Data - Data Brief Form_<v0.x>
B7: Complete the Form inputs
B8: Please Select "In" = Include, "Ex" = Exclude, where applicable. If a Data Field isn't relevant to the Campaign, leave it Blank
B9: Save the Form as a PDF by selecting: File > Download as > PDF document (.pdf) > Set Paper Size to A4 > Set Page Orientation to Portrait > Set Scale to Fit to height > EXPORT
B10: Upload to the Task in Simple
B12: Please Note that this Data Brief Form is for Campaigns targeting either the Woolworths Rewards Customer Base or Frequent Shoppers Club [FSC] Customer Base
B13: Data Brief Forms for Campaigns targeting a Services Customer Base or the Online Customer Bases are on Tabs 2 and 3 respectively
B14: If your Campaign is targeting multiple Business Area Customer Bases please complete the relevant Data Brief Form for each Business Area Customer Base
C17: 2.0 Data - Brief Form: Woolworths Rewards OR Frequent Shoppers Club [FSC] Customer Bases
C19: Campaign Code
C20: PMS-3372
B24: A | C24: Target Audience Selection
B26: A1 | C26: Business Area
C27: Target Customer Base
B28: In | C28: Woolworths Rewards
B29: . | C29: Frequent Shoppers Club [FSC]
B33: A3 | C33: Business Area Subscriptions (by Channel) | H33: Channels
H34: All Channel Inclusion/Exclusion | I34: Email | J34: Social Media (FB,Google Ad etc) | K34: Programmatic | L34: Reward Hub | M34: Rewards App | N34: WoW Shop App | O34: FB L2C | P34: SMS | Q34: Direct Mail | R34: Dockets
C35: Select Campaign Channels | H35: TRUE | I35: FALSE | J35: FALSE | K35: FALSE | L35: FALSE | M35: FALSE | N35: FALSE | O35: FALSE | P35: FALSE | Q35: FALSE | R35: FALSE
C37: Woolworths Rewards Subscriptions [includes FSC]
C38: Woolworths Rewards Communications | H38: . | I38: . | J38: . | K38: . | L38: . | M38: . | N38: . | O38: . | P38: . | Q38: . | R38: .
C39: Woolworths Supermarkets | H39: . | I39: . | J39: . | K39: . | L39: . | M39: . | N39: . | O39: . | P39: . | Q39: . | R39: .
C40: Select Business Subscriptions | H40: . | I40: . | J40: . | K40: . | L40: . | M40: . | N40: . | O40: . | P40: . | Q40: . | R40: .
C41: Select Business Subscriptions | H41: . | I41: . | J41: . | K41: . | L41: . | M41: . | N41: . | O41: . | P41: . | Q41: . | R41: .
C42: Select Business Subscriptions | H42: . | I42: . | J42: . | K42: . | L42: . | M42: . | N42: . | O42: . | P42: . | Q42: . | R42: .
C43: Select Business Subscriptions | H43: . | I43: . | J43: . | K43: . | L43: . | M43: . | N43: . | O43: . | P43: . | Q43: . | R43: .
C44: Select Business Subscriptions | H44: . | I44: . | J44: . | K44: . | L44: . | M44: . | N44: . | O44: . | P44: . | Q44: . | R44: .
C45: Select Business Subscriptions | H45: . | I45: . | J45: . | K45: . | L45: . | M45: . | N45: . | O45: . | P45: . | Q45: . | R45: .
C46: Select Business Subscriptions | H46: . | I46: . | J46: . | K46: . | L46: . | M46: . | N46: . | O46: . | P46: . | Q46: . | R46: .
C47: Select Business Subscriptions | H47: . | I47: . | J47: . | K47: . | L47: . | M47: . | N47: . | O47: . | P47: . | Q47: . | R47: .
B49: A4 | C49: Channel Subscriptions (by Channel, as they apply) | H49: . | I49: . | J49: . | K49: . | L49: . | M49: . | N49: . | O49: . | P49: . | Q49: . | R49: .
C50: Email Contact Preference | H50: . | I50: . | J50: . | K50: . | L50: . | M50: . | N50: . | O50: . | P50: . | Q50: . | R50: .
C51: Select Channel Subscriptions | H51: . | I51: . | J51: . | K51: . | L51: . | M51: . | N51: . | O51: . | P51: . | Q51: . | R51: .
C52: Select Channel Subscriptions | H52: . | I52: . | J52: . | K52: . | L52: . | M52: . | N52: . | O52: . | P52: . | Q52: . | R52: .
C53: Select Channel Subscriptions | H53: . | I53: . | J53: . | K53: . | L53: . | M53: . | N53: . | O53: . | P53: . | Q53: . | R53: .
C54: Select Channel Subscriptions | H54: . | I54: . | J54: . | K54: . | L54: . | M54: . | N54: . | O54: . | P54: . | Q54: . | R54: .
B57: A5 | C57: Other Exclusions | H57: . | I57: . | J57: . | K57: . | L57: . | M57: . | N57: . | O57: . | P57: . | Q57: . | R57: .
D58: Cancelled or Inactive Woolworths Reward Card | H58: . | I58: . | J58: . | K58: . | L58: . | M58: . | N58: . | O58: . | P58: . | Q58: . | R58: .
D59: Unregistered or Temp Card | H59: . | I59: . | J59: . | K59: . | L59: . | M59: . | N59: . | O59: . | P59: . | Q59: . | R59: .
D60: Deceased | H60: . | I60: . | J60: . | K60: . | L60: . | M60: . | N60: . | O60: . | P60: . | Q60: . | R60: .
D61: Age < 16 years | H61: . | I61: . | J61: . | K61: . | L61: . | M61: . | N61: . | O61: . | P61: . | Q61: . | R61: .
D62: Age < 18 years | H62: . | I62: . | J62: . | K62: . | L62: . | M62: . | N62: . | O62: . | P62: . | Q62: . | R62: .
D63: Age > 100 years | H63: . | I63: . | J63: . | K63: . | L63: . | M63: . | N63: . | O63: . | P63: . | Q63: . | R63: .
D64: Age IS NULL OR Invalid | H64: . | I64: . | J64: . | K64: . | L64: . | M64: . | N64: . | O64: . | P64: . | Q64: . | R64: .
D65: Overseas | H65: . | I65: . | J65: . | K65: . | L65: . | M65: . | N65: . | O65: . | P65: . | Q65: . | R65: .
D66: State = TAS | H66: . | I66: . | J66: . | K66: . | L66: . | M66: . | N66: . | O66: . | P66: . | Q66: . | R66: .
B67: Email Specific Exclusions | D67: Onboarding - Join in last 4week
D68: Email Address Invalid | H68: . | I68: . | J68: . | K68: . | L68: . | M68: . | N68: . | O68: . | P68: . | Q68: . | R68: .
D69: Email Address Missing | H69: . | I69: . | J69: . | K69: . | L69: . | M69: . | N69: . | O69: . | P69: . | Q69: . | R69: .
D70: Email Address Shared | H70: . | I70: . | J70: . | K70: . | L70: . | M70: . | N70: . | O70: . | P70: . | Q70: . | R70: .
D71: Old Bounced & AdHoc Suppression | H71: . | I71: . | J71: . | K71: . | L71: . | M71: . | N71: . | O71: . | P71: . | Q71: . | R71: .
D72: SFMC Hard Bounce | H72: . | I72: . | J72: . | K72: . | L72: . | M72: . | N72: . | O72: . | P72: . | Q72: . | R72: .
D73: Inbox Unsubscribed (Unsub in SFMC Platform) | H73: . | I73: . | J73: . | K73: . | L73: . | M73: . | N73: . | O73: . | P73: . | Q73: . | R73: .
B74: SMS Specific Exclusion | D74: Mobile Number Invalid | H74: . | I74: . | J74: . | K74: . | L74: . | M74: . | N74: . | O74: . | P74: . | Q74: . | R74: .
D75: Mobile Number Missing | H75: . | I75: . | J75: . | K75: . | L75: . | M75: . | N75: . | O75: . | P75: . | Q75: . | R75: .
D76: Mobile Number Overseas | H76: . | I76: . | J76: . | K76: . | L76: . | M76: . | N76: . | O76: . | P76: . | Q76: . | R76: .
D77: Mobile Number Shared | H77: . | I77: . | J77: . | K77: . | L77: . | M77: . | N77: . | O77: . | P77: . | Q77: . | R77: .
B78: Add DM or othe chnnel excluson here | D78: SFMC Stop SMS (SFMC SMS Unsub) | H78: . | I78: . | J78: . | K78: . | L78: . | M78: . | N78: . | O78: . | P78: . | Q78: . | R78: .
D79: Received SMS in last 30days
B80: Universal Control | D80: DC Universal Control Group | H80: . | I80: . | J80: . | K80: . | L80: . | M80: . | N80: . | O80: . | P80: . | Q80: . | R80: .
C81: <Remove> | D81: ONL Universal Control Group | H81: . | I81: . | J81: . | K81: . | L81: . | M81: . | N81: . | O81: . | P81: . | Q81: . | R81: .
D82: SER Universal Control Group | H82: . | I82: . | J82: . | K82: . | L82: . | M82: . | N82: . | O82: . | P82: . | Q82: . | R82: .
C83: <Remove> | D83: Social Media and Programmatic Control Group (Not valid) | H83: . | I83: . | J83: . | K83: . | L83: . | M83: . | N83: . | O83: . | P83: . | Q83: . | R83: .
B84: @JB check lee tab | H84: . | I84: . | J84: . | K84: . | L84: . | M84: . | N84: . | O84: . | P84: . | Q84: . | R84: .
D85: LCP Campaign Table | H85: . | I85: . | J85: . | K85: . | L85: . | M85: . | N85: . | O85: . | P85: . | Q85: . | R85: .
H86: . | I86: . | J86: . | K86: . | L86: . | M86: . | N86: . | O86: . | P86: . | Q86: . | R86: .
D87: Dry Postcodes (for Liquor Campaigns)
D88: Invalid Name
D89: Competitor Email
B90: List Exclusion | D90: CRNs with Preferred Store in LCP Store Campaigns | H90: LCP Campaign Table: | I90: =HYPERLINK("https://docs.google.com/spreadsheets/d/1pQxQ2d-9Pb1zkECw8E6m0nCkibpbodIj-6-HI0Jtfqw/edit#gid=1035024271","https://docs.google.com/spreadsheets/d/1pQxQ2d-9Pb1zkECw8E6m0nCkibpbodIj-6-HI0Jtfqw/edit#gid=1035024271") -> https://docs.google.com/spreadsheets/d/1pQxQ2d-9Pb1zkECw8E6m0nCkibpbodIj-6-HI0Jtfqw/edit#gid=1035024271
D91: Exclude Triple M Audience
D92: Influencers
C95: Other Requriements
B100: B2 | C100: Campaign Exclusions & Campaign Inclusions
C102: Other Campaign Activity
C104: CRNs with Preferred Store in LCP Store Campaigns | G104: LCP Campaign Table: | H104: =HYPERLINK("https://docs.google.com/spreadsheets/d/1pQxQ2d-9Pb1zkECw8E6m0nCkibpbodIj-6-HI0Jtfqw/edit#gid=1035024271","https://docs.google.com/spreadsheets/d/1pQxQ2d-9Pb1zkECw8E6m0nCkibpbodIj-6-HI0Jtfqw/edit#gid=1035024271") -> https://docs.google.com/spreadsheets/d/1pQxQ2d-9Pb1zkECw8E6m0nCkibpbodIj-6-HI0Jtfqw/edit#gid=1035024271
C106: Inclusion Criteria
B107: 1 | D107: LCP campaigns
B108: 2 | C108: . | D108: Exclude members previously targeted in campaign PMS-3334 & PMS-3336. | K108: Notes: Include Campaign Execution Periods and Offer Periods
B109: 3 | C109: . | D109: Exclude all members being targeted in campaign PMS-3373 | K109: Notes: Include Campaign Execution Periods and Offer Periods
B110: 4 | C110: . | D110: e.g.: CVM-00xx - Target CRNs that have Opened AND Not Activated AND Control CRNs | K110: Notes: Include Campaign Execution Periods and Offer Periods
B111: 5 | C111: . | D111: e.g.: CVM-00xx - Target CRNs that have Activated AND Reached Spend Hurdle AND Control CRNs | K111: Notes: Include Campaign Execution Periods and Offer Periods
B112: 6 | C112: .
B113: 7 | C113: .
B114: 8 | C114: .
B115: 9 | C115: .
B116: 10 | C116: .
B117: 11 | C117: .
B118: 12 | C118: .
C120: Exclusion Criteria
B121: 1 | D121: Under 18 yo
B122: 2 | C122: AND | D122: Exclude TAS & WA
B123: 3 | C123: AND | D123: Exclude all existing Marley Spoon members - from additional data wash report
B124: 4 | C124: .
B125: 5 | C125: .
B126: 6 | C126: .
B127: 7 | C127: .
B128: 8 | C128: .
B129: 9 | C129: .
...

Sheet Template Lookup
F2: Supers | H2: BWS | J2: BIGW | L2: EG/FUELCO | N2: Program Affiliates
C3: Target Audience Selection
C4: Business Area
A5: 1 | C5: Everyday Rewards
C7: Business Area Subscriptions (from website)
F8: Email | G8: Rewards App | H8: Email | I8: Rewards App | J8: Email | K8: Rewards App | L8: Email | M8: Rewards App | N8: Email | O8: Rewards App
C9: Everyday Rewards Subscriptions (includes FSC)
A10: 1 | C10: Unsubscribe from all Everyday Rewards communications | F10: Ex Optout | G10: Inc All | H10: Ex Optout | I10: Inc All | J10: Ex Optout | K10: Inc All | L10: Ex Optout | M10: Inc All | N10: Ex Optout | O10: Inc All
A11: =A10+1 -> 2 | C11: Exclusive offers and promotions | F11: Ex Optout | G11: Inc All | H11: Ex Optout | I11: Inc All | J11: Ex Optout | K11: Inc All | L11: Ex Optout | M11: Inc All | N11: Ex Optout | O11: Inc All
A12: =A11+1 -> 3 | C12: Woolworths Supermarkets | F12: Ex Optout | G12: Ex Optin | H12: . | I12: . | J12: . | K12: . | L12: . | M12: . | N12: . | O12: .
A13: =A12+1 -> 4 | C13: BWS | F13: . | G13: . | H13: Ex Optout | I13: Ex Optin | J13: . | K13: . | L13: . | M13: . | N13: . | O13: .
A14: =A13+1 -> 5 | C14: BIG W | F14: . | G14: . | H14: . | I14: . | J14: Ex Optout | K14: Ex Optin | L14: . | M14: . | N14: . | O14: .
A15: =A14+1 -> 6 | C15: Fuel | F15: . | G15: . | H15: . | I15: . | J15: . | K15: . | L15: Ex Optout | M15: Ex Optin | N15: . | O15: .
A16: =A15+1 -> 7 | C16: Program Affiliates | F16: . | G16: . | H16: . | I16: . | J16: . | K16: . | L16: . | M16: . | N16: Ex Optout | O16: Ex Optin
A17: =A16+1 -> 8 | C17: No liquor offers and promotions | F17: . | G17: . | H17: Ex Optout | I17: Ex Optout
C18: Channel Specific Subscriptions
A19: 1 | C19: Contact preference (website) - email | F19: Ex Optout | G19: Ex Optin | H19: Ex Optout | I19: Ex Optin | J19: Ex Optout | K19: Ex Optin | L19: Ex Optout | M19: Ex Optin | N19: Ex Optout | O19: Ex Optin
A20: =A19+1 -> 2 | F20: . | G20: . | H20: . | I20: . | J20: . | K20: . | L20: . | M20: . | N20: . | O20: .
A21: =A20+1 -> 3 | F21: . | G21: . | H21: . | I21: . | J21: . | K21: . | L21: . | M21: . | N21: . | O21: .
A22: =A21+1 -> 4 | F22: . | G22: . | H22: . | I22: . | J22: . | K22: . | L22: . | M22: . | N22: . | O22: .
C24: Exclusions (data specific)
F25: Email | G25: Rewards App | H25: Email | I25: Rewards App | J25: Email | K25: Rewards App | L25: Email | M25: Rewards App | N25: Email | O25: Rewards App
C26: Global Exclusions
A27: 1 | C27: Cancelled Woolworths Reward Card | F27: TRUE | G27: TRUE | H27: TRUE | I27: TRUE | J27: TRUE | K27: TRUE | L27: TRUE | M27: TRUE | N27: TRUE | O27: TRUE
A28: 2 | C28: Deceased | F28: TRUE | G28: TRUE | H28: TRUE | I28: TRUE | J28: TRUE | K28: TRUE | L28: TRUE | M28: TRUE | N28: TRUE | O28: TRUE
A29: =A28+1 -> 3 | C29: Age < 16 years | F29: TRUE | G29: TRUE | H29: TRUE | I29: TRUE | J29: TRUE | K29: TRUE | L29: TRUE | M29: TRUE | N29: TRUE | O29: TRUE
A30: =A29+1 -> 4 | C30: DC Universal Control Group | F30: TRUE | G30: FALSE | H30: TRUE | I30: FALSE | J30: TRUE | K30: FALSE | L30: TRUE | M30: FALSE | N30: TRUE | O30: FALSE
A31: =A30+1 -> 5 | C31: Competitor Email | F31: TRUE | G31: FALSE | H31: TRUE | I31: FALSE | J31: TRUE | K31: FALSE | L31: TRUE | M31: FALSE | N31: TRUE | O31: FALSE
C33: Standard Exclusions
F34: Email | G34: Rewards App | H34: Email | I34: Rewards App | J34: Email | K34: Rewards App | L34: Email | M34: Rewards App | N34: Email | O34: Rewards App
A35: 1 | C35: Age < 18 years | F35: TRUE | G35: TRUE | H35: TRUE | I35: TRUE | J35: TRUE | K35: TRUE | L35: TRUE | M35: TRUE | N35: TRUE | O35: TRUE
A36: =A35+1 -> 2 | C36: Age > 100 years or Missing | F36: TRUE | G36: TRUE | H36: TRUE | I36: TRUE | J36: TRUE | K36: TRUE | L36: TRUE | M36: TRUE | N36: TRUE | O36: TRUE
A37: =A36+1 -> 3 | C37: Overseas | F37: TRUE | G37: TRUE | H37: TRUE | I37: TRUE | J37: TRUE | K37: TRUE | L37: TRUE | M37: TRUE | N37: TRUE | O37: TRUE
A38: 4 | C38: Malicious First Name | F38: TRUE | G38: TRUE | H38: TRUE | I38: TRUE | J38: TRUE | K38: TRUE | L38: TRUE | M38: TRUE | N38: TRUE | O38: TRUE
A39: =A38+1 -> 5 | C39: Malicious Surname | F39: TRUE | G39: TRUE | H39: TRUE | I39: TRUE | J39: TRUE | K39: TRUE | L39: TRUE | M39: TRUE | N39: TRUE | O39: TRUE
A40: =A39+1 -> 6 | C40: =HYPERLINK("https://www.health.gov.au/health-topics/alcohol/about-alcohol/alcohol-laws-in-australia","Dry Postcodes (for Liquor Campaigns)") -> Dry Postcodes (for Liquor Campaigns) | F40: TRUE | G40: TRUE | H40: TRUE | I40: TRUE | J40: TRUE | K40: TRUE | L40: TRUE | M40: TRUE | N40: TRUE | O40: TRUE
A41: =A40+1 -> 7 | C41: Onboarding Journey (Joined Rewards in the last 30 days) | F41: TRUE | G41: TRUE | H41: TRUE | I41: TRUE | J41: TRUE | K41: TRUE | L41: TRUE | M41: TRUE | N41: TRUE | O41: TRUE
A42: =A41+1 -> 8 | C42: Staff | F42: FALSE | G42: FALSE | H42: FALSE | I42: FALSE | J42: FALSE | K42: FALSE | L42: FALSE | M42: FALSE | N42: FALSE | O42: FALSE
C44: Additional Email Standard Exclusions
F45: Email | G45: Rewards App | H45: Email | I45: Rewards App | J45: Email | K45: Rewards App | L45: Email | M45: Rewards App | N45: Email | O45: Rewards App
A46: 1 | C46: Non Engaged (Has not opened email in past 26 weeks) | F46: TRUE | G46: FALSE | H46: TRUE | I46: FALSE | J46: TRUE | K46: FALSE | L46: TRUE | M46: FALSE | N46: TRUE | O46: FALSE
A47: =A46+1 -> 2 | C47: Non Email Marketable (Unsubbed from Email and EDR, Invalid Email, In Autosupression, Deceased, Under 16, Tasmania or Overseas, Competitor Email Domain, Test Emails, Malicious First Name) | F47: TRUE | G47: FALSE | H47: TRUE | I47: FALSE | J47: TRUE | K47: FALSE | L47: TRUE | M47: FALSE | N47: TRUE | O47: FALSE

Sheet Menu
A1: Email | B1: =IFERROR(__xludf.DUMMYFUNCTION("importrange(""1sR5LUhmkYePdyssK1Op4xrpz2vCMaZ6yMgYZ5svxGfE"",""Control!B2"")"),"#REF!") -> #REF!
B2: 8
A5: Supers | B5: =if(A5="BWS","BWS",if(A5="XSell","XSell","ALL")) -> ALL
A6: Instructions: Step 0: Please create a copy of this template. Avoid modifying this copy. Step 1: Activate the scripts by clicking on the orange button. Once prompted for permissions, select your Woolworths account to proceed. If you are briefing in an ecom campaign, click on the blue button and skip the rest. Otherwise, proceed to Step 2. Step 2: Pick one or more channels that will be utilised by your campaign. By clicking on the icon(s). Click 'X' to de-select. Step 3: Pick a banner, likewise by clicking on an icon. Click 'X' to de-select. Step 4: Press the red button to load the initial configuration. This tool will set recommended settings by default. You are still responsible for reviewing and finalising campaign conditions as part of campaign setup. Need help filling up the data brief? Here is a guide
A7: Step 2: Pick Channel(s). Additional channels can be manually selected in the main sheet.
B8: Channel 1
B9: Channel 2
B10: Channel 3
B11: Channel 4
A17: Step 3: Pick banner
B18: Supermarkets | F18: Financial Services (Services BU) | L18: Petstock
B19: BWS | F19: Qantas | L19: Accor
B20: Big W | F20: Bupa
B21: EG/FuelCo | F21: Origin
B22: Caltex | F22: Healthy Life
B23: Pop-up Partner | F23: Customer Feedback (Survey)
B24: Cross-Banner | F24: MyDeal
B25: Service | F25: Milkrun
A31: Step 4: Run

Sheet Everyday RewardsServices Data B
B6: Instructions:
B7: [CCV-8914] - [Ampol Increase Frequency - Sep] - Data Brief
C11: 3.0 Data - Brief Form: Everyday Rewards OR Frequent Shoppers Club (FSC) Customer Base
A13: [SEQ]
C14: Campaign Set Up
A15: 1 | C15: Campaign Code | F15: CCV-1234
A16: =A15+1 -> 2 | C16: Campaign Stream (Auto) | F16: =LOWER(left($F$15,3)) -> ccv
A17: =A16+1 -> 3 | C17: Campaign Subscription (Unsub Link) | F17: [mydeal] - MyDeal | G17: =if(isna(vlookup(concatenate("ALLUnsub Parameter",Menu!A5),'Preference Lookup'!D155:E171,2,false)),"",vlookup(concatenate("ALLUnsub Parameter",Menu!A5),'Preference Lookup'!D12:E171,2,false)) -> #REF! | H17: =if(isna(vlookup(concatenate("ALLUnsub Parameter",Menu!A5),'Preference Lookup'!D155:E171,2,false)),"",vlookup(concatenate("ALLUnsub Parameter",Menu!A5),'Preference Lookup'!D155:E171,2,false)) -> #REF!
A18: =A17+1 -> 4 | C18: =HYPERLINK("https://docs.google.com/spreadsheets/d/1XQaTYaKkzuTidSYCj1Sr0cqNyuLL8kdKhd630ztvOYI/edit#gid=1329109951","Campaign Name / Type") -> Campaign Name / Type
A19: =A18+1 -> 5 | C19: Campaign Description | F19: Spend Stretch Campaign
A20: =A19+1 -> 6 | C20: Campaign Manager | F20: firstname.lastname@swiftfoods.com.au
A21: =A20+1 -> 7 | C21: Campaign Manager Email | F21: Firstname Lastname
A22: =A21+1 -> 8 | C22: Campaign Start Date | F22: 47401 | G22: =K22
A23: =A22+1 -> 9 | C23: Campaign End Date | F23: 47454 | G23: =K23
A24: =A23+1 -> 10 | C24: Campaign Duration (Sanity Check) | F24: =CONCATENATE(sum(F23-F22)," day(s)") -> 53 day(s)
A25: =A24+1 -> 11 | C25: Sales Channel Type | F25: Online
A26: =A25+1 -> 12 | C26: Activation Type | F26: Single [S]
A27: =A26+1 -> 13 | C27: Redemption Limit | F27: 1
A28: =A27+1 -> 14 | C28: Offer Length Days | F28: 1
A29: 15 | C29: User Activation | F29: TRUE | G29: Required for campaigns where customers need to activate their offers.
A30: =A29+1 -> 16 | C30: Pre-Activation | F30: TRUE | G30: Required for campaigns where the offers were pre-activated for customers
A31: =A30+1 -> 17 | C31: Generate Control Group | F31: TRUE | G31: Required for campaigns that measures incremental sales or modelling
A32: 19 | C32: Link to Precount JIRA | F32: FALSE
A33: 20 | C33: Other | F33: FALSE
C35: Analysis and Files
C36: Select Output Requirements
A37: 1 | C37: Waterfall Counts | F37: TRUE
A38: =A37+1 -> 2 | C38: Offer Summary | F38: TRUE
A39: =A38+1 -> 3 | C39: Sample Data File (SDF) | F39: TRUE
A40: =A39+1 -> 4 | C40: OUT02 Sample File | F40: TRUE | G40: "OUT02" is the name of the data pipeline we use for offer attachment.
A41: =A40+1 -> 5 | C41: Support Portal File | F41: FALSE
C43: Target Audience Selection
C44: Business Area
A45: 1 | C45: Everyday Rewards | F45: TRUE
C47: Business Area Subscriptions (from website)
H48: Email | I48: Push - Rewards App | J48: Rewards App | BD48: =H48 -> Email | BE48: =I48 -> Push - Rewards App | BF48: =J48 -> Rewards App | BG48: =K48
A50: 1 | C50: Fuel | H50: =if(isna(vlookup(concatenate("ALL",H$48,$C50),'Preference Lookup'!$D$3:$E$150,2,false)),".",vlookup(concatenate("ALL",H$48,$C50),'Preference Lookup'!$D$3:$E$150,2,false)) -> Ex Optout | I50: Ex Optout | J50: Ex Optout | K50: =if(isna(vlookup(concatenate("ALL",K$48,$C50),'Preference Lookup'!$D$3:$E$150,2,false)),".",vlookup(concatenate("ALL",K$48,$C50),'Preference Lookup'!$D$3:$E$150,2,false)) -> . | L50: . | BD50: =if(isna(vlookup(concatenate("ALL",BD$48,$C50),'Preference Lookup'!$D$3:$E$150,2,false)),".",vlookup(concatenate("ALL",BD$48,$C50),'Preference Lookup'!$D$3:$E$150,2,false)) -> Ex Optout | BE50: =if(isna(vlookup(concatenate("ALL",BE$48,$C50),'Preference Lookup'!$D$3:$E$150,2,false)),".",vlookup(concatenate("ALL",BE$48,$C50),'Preference Lookup'!$D$3:$E$150,2,false)) -> . | BF50: =if(isna(vlookup(concatenate("ALL",BF$48,$C50),'Preference Lookup'!$D$3:$E$150,2,false)),".",vlookup(concatenate("ALL",BF$48,$C50),'Preference Lookup'!$D$3:$E$150,2,false)) -> Inc All | BG50: =if(isna(vlookup(concatenate("ALL",BG$48,$C50),'Preference Lookup'!$D$3:$E$150,2,false)),".",vlookup(concatenate("ALL",BG$48,$C50),'Preference Lookup'!$D$3:$E$150,2,false)) -> .
A51: 1 | C51: Program Affiliates | H51: =if(isna(vlookup(concatenate("ALL",H$48,$C51),'Preference Lookup'!$D$3:$E$150,2,false)),".",vlookup(concatenate("ALL",H$48,$C51),'Preference Lookup'!$D$3:$E$150,2,false)) -> Ex Optout | I51: Inc All | J51: =if(isna(vlookup(concatenate("ALL",J$48,$C51),'Preference Lookup'!$D$3:$E$150,2,false)),".",vlookup(concatenate("ALL",J$48,$C51),'Preference Lookup'!$D$3:$E$150,2,false)) -> Inc All | K51: =if(isna(vlookup(concatenate("ALL",K$48,$C51),'Preference Lookup'!$D$3:$E$150,2,false)),".",vlookup(concatenate("ALL",K$48,$C51),'Preference Lookup'!$D$3:$E$150,2,false)) -> . | L51: . | BD51: =if(isna(vlookup(concatenate("ALL",BD$48,$C51),'Preference Lookup'!$D$3:$E$150,2,false)),".",vlookup(concatenate("ALL",BD$48,$C51),'Preference Lookup'!$D$3:$E$150,2,false)) -> Ex Optout | BE51: =if(isna(vlookup(concatenate("ALL",BE$48,$C51),'Preference Lookup'!$D$3:$E$150,2,false)),".",vlookup(concatenate("ALL",BE$48,$C51),'Preference Lookup'!$D$3:$E$150,2,false)) -> . | BF51: =if(isna(vlookup(concatenate("ALL",BF$48,$C51),'Preference Lookup'!$D$3:$E$150,2,false)),".",vlookup(concatenate("ALL",BF$48,$C51),'Preference Lookup'!$D$3:$E$150,2,false)) -> Inc All | BG51: =if(isna(vlookup(concatenate("ALL",BG$48,$C51),'Preference Lookup'!$D$3:$E$150,2,false)),".",vlookup(concatenate("ALL",BG$48,$C51),'Preference Lookup'!$D$3:$E$150,2,false)) -> .
H52: =if(isna(vlookup(concatenate("ALL",H$48,$C52),'Preference Lookup'!$D$3:$E$150,2,false)),".",vlookup(concatenate("ALL",H$48,$C52),'Preference Lookup'!$D$3:$E$150,2,false)) -> . | J52: =if(isna(vlookup(concatenate("ALL",J$48,$C52),'Preference Lookup'!$D$3:$E$150,2,false)),".",vlookup(concatenate("ALL",J$48,$C52),'Preference Lookup'!$D$3:$E$150,2,false)) -> . | K52: =if(isna(vlookup(concatenate("ALL",K$48,$C52),'Preference Lookup'!$D$3:$E$150,2,false)),".",vlookup(concatenate("ALL",K$48,$C52),'Preference Lookup'!$D$3:$E$150,2,false)) -> . | L52: . | BD52: =if(isna(vlookup(concatenate("ALL",BD$48,$C52),'Preference Lookup'!$D$3:$E$150,2,false)),".",vlookup(concatenate("ALL",BD$48,$C52),'Preference Lookup'!$D$3:$E$150,2,false)) -> . | BE52: =if(isna(vlookup(concatenate("ALL",BE$48,$C52),'Preference Lookup'!$D$3:$E$150,2,false)),".",vlookup(concatenate("ALL",BE$48,$C52),'Preference Lookup'!$D$3:$E$150,2,false)) -> . | BF52: =if(isna(vlookup(concatenate("ALL",BF$48,$C52),'Preference Lookup'!$D$3:$E$150,2,false)),".",vlookup(concatenate("ALL",BF$48,$C52),'Preference Lookup'!$D$3:$E$150,2,false)) -> . | BG52: =if(isna(vlookup(concatenate("ALL",BG$48,$C52),'Preference Lookup'!$D$3:$E$150,2,false)),".",vlookup(concatenate("ALL",BG$48,$C52),'Preference Lookup'!$D$3:$E$150,2,false)) -> .
H53: =if(isna(vlookup(concatenate("ALL",H$48,$C53),'Preference Lookup'!$D$3:$E$150,2,false)),".",vlookup(concatenate("ALL",H$48,$C53),'Preference Lookup'!$D$3:$E$150,2,false)) -> . | J53: =if(isna(vlookup(concatenate("ALL",J$48,$C53),'Preference Lookup'!$D$3:$E$150,2,false)),".",vlookup(concatenate("ALL",J$48,$C53),'Preference Lookup'!$D$3:$E$150,2,false)) -> . | K53: =if(isna(vlookup(concatenate("ALL",K$48,$C53),'Preference Lookup'!$D$3:$E$150,2,false)),".",vlookup(concatenate("ALL",K$48,$C53),'Preference Lookup'!$D$3:$E$150,2,false)) -> . | L53: . | BD53: =if(isna(vlookup(concatenate("ALL",BD$48,$C53),'Preference Lookup'!$D$3:$E$150,2,false)),".",vlookup(concatenate("ALL",BD$48,$C53),'Preference Lookup'!$D$3:$E$150,2,false)) -> . | BE53: =if(isna(vlookup(concatenate("ALL",BE$48,$C53),'Preference Lookup'!$D$3:$E$150,2,false)),".",vlookup(concatenate("ALL",BE$48,$C53),'Preference Lookup'!$D$3:$E$150,2,false)) -> . | BF53: =if(isna(vlookup(concatenate("ALL",BF$48,$C53),'Preference Lookup'!$D$3:$E$150,2,false)),".",vlookup(concatenate("ALL",BF$48,$C53),'Preference Lookup'!$D$3:$E$150,2,false)) -> . | BG53: =if(isna(vlookup(concatenate("ALL",BG$48,$C53),'Preference Lookup'!$D$3:$E$150,2,false)),".",vlookup(concatenate("ALL",BG$48,$C53),'Preference Lookup'!$D$3:$E$150,2,false)) -> .
H54: =if(isna(vlookup(concatenate("ALL",H$48,$C54),'Preference Lookup'!$D$3:$E$150,2,false)),".",vlookup(concatenate("ALL",H$48,$C54),'Preference Lookup'!$D$3:$E$150,2,false)) -> . | I54: =if(isna(vlookup(concatenate("ALL",I$48,$C54),'Preference Lookup'!$D$3:$E$150,2,false)),".",vlookup(concatenate("ALL",I$48,$C54),'Preference Lookup'!$D$3:$E$150,2,false)) -> . | J54: =if(isna(vlookup(concatenate("ALL",J$48,$C54),'Preference Lookup'!$D$3:$E$150,2,false)),".",vlookup(concatenate("ALL",J$48,$C54),'Preference Lookup'!$D$3:$E$150,2,false)) -> . | K54: =if(isna(vlookup(concatenate("ALL",K$48,$C54),'Preference Lookup'!$D$3:$E$150,2,false)),".",vlookup(concatenate("ALL",K$48,$C54),'Preference Lookup'!$D$3:$E$150,2,false)) -> . | L54: . | BD54: =if(isna(vlookup(concatenate("ALL",BD$48,$C54),'Preference Lookup'!$D$3:$E$150,2,false)),".",vlookup(concatenate("ALL",BD$48,$C54),'Preference Lookup'!$D$3:$E$150,2,false)) -> . | BE54: =if(isna(vlookup(concatenate("ALL",BE$48,$C54),'Preference Lookup'!$D$3:$E$150,2,false)),".",vlookup(concatenate("ALL",BE$48,$C54),'Preference Lookup'!$D$3:$E$150,2,false)) -> . | BF54: =if(isna(vlookup(concatenate("ALL",BF$48,$C54),'Preference Lookup'!$D$3:$E$150,2,false)),".",vlookup(concatenate("ALL",BF$48,$C54),'Preference Lookup'!$D$3:$E$150,2,false)) -> . | BG54: =if(isna(vlookup(concatenate("ALL",BG$48,$C54),'Preference Lookup'!$D$3:$E$150,2,false)),".",vlookup(concatenate("ALL",BG$48,$C54),'Preference Lookup'!$D$3:$E$150,2,false)) -> .
H55: =if(isna(vlookup(concatenate("ALL",H$48,$C55),'Preference Lookup'!$D$3:$E$150,2,false)),".",vlookup(concatenate("ALL",H$48,$C55),'Preference Lookup'!$D$3:$E$150,2,false)) -> . | I55: =if(isna(vlookup(concatenate("ALL",I$48,$C55),'Preference Lookup'!$D$3:$E$150,2,false)),".",vlookup(concatenate("ALL",I$48,$C55),'Preference Lookup'!$D$3:$E$150,2,false)) -> . | J55: =if(isna(vlookup(concatenate("ALL",J$48,$C55),'Preference Lookup'!$D$3:$E$150,2,false)),".",vlookup(concatenate("ALL",J$48,$C55),'Preference Lookup'!$D$3:$E$150,2,false)) -> . | K55: =if(isna(vlookup(concatenate("ALL",K$48,$C55),'Preference Lookup'!$D$3:$E$150,2,false)),".",vlookup(concatenate("ALL",K$48,$C55),'Preference Lookup'!$D$3:$E$150,2,false)) -> . | L55: . | BD55: =if(isna(vlookup(concatenate("ALL",BD$48,$C55),'Preference Lookup'!$D$3:$E$150,2,false)),".",vlookup(concatenate("ALL",BD$48,$C55),'Preference Lookup'!$D$3:$E$150,2,false)) -> . | BE55: =if(isna(vlookup(concatenate("ALL",BE$48,$C55),'Preference Lookup'!$D$3:$E$150,2,false)),".",vlookup(concatenate("ALL",BE$48,$C55),'Preference Lookup'!$D$3:$E$150,2,false)) -> . | BF55: =if(isna(vlookup(concatenate("ALL",BF$48,$C55),'Preference Lookup'!$D$3:$E$150,2,false)),".",vlookup(concatenate("ALL",BF$48,$C55),'Preference Lookup'!$D$3:$E$150,2,false)) -> . | BG55: =if(isna(vlookup(concatenate("ALL",BG$48,$C55),'Preference Lookup'!$D$3:$E$150,2,false)),".",vlookup(concatenate("ALL",BG$48,$C55),'Preference Lookup'!$D$3:$E$150,2,false)) -> .
H56: =if(isna(vlookup(concatenate("ALL",H$48,$C56),'Preference Lookup'!$D$3:$E$150,2,false)),".",vlookup(concatenate("ALL",H$48,$C56),'Preference Lookup'!$D$3:$E$150,2,false)) -> . | I56: =if(isna(vlookup(concatenate("ALL",I$48,$C56),'Preference Lookup'!$D$3:$E$150,2,false)),".",vlookup(concatenate("ALL",I$48,$C56),'Preference Lookup'!$D$3:$E$150,2,false)) -> . | J56: =if(isna(vlookup(concatenate("ALL",J$48,$C56),'Preference Lookup'!$D$3:$E$150,2,false)),".",vlookup(concatenate("ALL",J$48,$C56),'Preference Lookup'!$D$3:$E$150,2,false)) -> . | K56: =if(isna(vlookup(concatenate("ALL",K$48,$C56),'Preference Lookup'!$D$3:$E$150,2,false)),".",vlookup(concatenate("ALL",K$48,$C56),'Preference Lookup'!$D$3:$E$150,2,false)) -> . | BD56: =if(isna(vlookup(concatenate("ALL",BD$48,$C56),'Preference Lookup'!$D$3:$E$150,2,false)),".",vlookup(concatenate("ALL",BD$48,$C56),'Preference Lookup'!$D$3:$E$150,2,false)) -> . | BE56: =if(isna(vlookup(concatenate("ALL",BE$48,$C56),'Preference Lookup'!$D$3:$E$150,2,false)),".",vlookup(concatenate("ALL",BE$48,$C56),'Preference Lookup'!$D$3:$E$150,2,false)) -> . | BF56: =if(isna(vlookup(concatenate("ALL",BF$48,$C56),'Preference Lookup'!$D$3:$E$150,2,false)),".",vlookup(concatenate("ALL",BF$48,$C56),'Preference Lookup'!$D$3:$E$150,2,false)) -> . | BG56: =if(isna(vlookup(concatenate("ALL",BG$48,$C56),'Preference Lookup'!$D$3:$E$150,2,false)),".",vlookup(concatenate("ALL",BG$48,$C56),'Preference Lookup'!$D$3:$E$150,2,false)) -> .
A58: 1 | H58: =if(isna(vlookup(concatenate("ALL",H$48,$C58),'Preference Lookup'!$D$3:$E$150,2,false)),".",vlookup(concatenate("ALL",H$48,$C58),'Preference Lookup'!$D$3:$E$150,2,false)) -> . | I58: =if(isna(vlookup(concatenate("ALL",I$48,$C58),'Preference Lookup'!$D$3:$E$150,2,false)),".",vlookup(concatenate("ALL",I$48,$C58),'Preference Lookup'!$D$3:$E$150,2,false)) -> . | J58: =if(isna(vlookup(concatenate("ALL",J$48,$C58),'Preference Lookup'!$D$3:$E$150,2,false)),".",vlookup(concatenate("ALL",J$48,$C58),'Preference Lookup'!$D$3:$E$150,2,false)) -> . | K58: =if(isna(vlookup(concatenate("ALL",K$48,$C58),'Preference Lookup'!$D$3:$E$150,2,false)),".",vlookup(concatenate("ALL",K$48,$C58),'Preference Lookup'!$D$3:$E$150,2,false)) -> . | L58: . | BD58: =if(isna(vlookup(concatenate("ALL",BD$48,$C58),'Preference Lookup'!$D$3:$E$150,2,false)),".",vlookup(concatenate("ALL",BD$48,$C58),'Preference Lookup'!$D$3:$E$150,2,false)) -> . | BE58: =if(isna(vlookup(concatenate("ALL",BE$48,$C58),'Preference Lookup'!$D$3:$E$150,2,false)),".",vlookup(concatenate("ALL",BE$48,$C58),'Preference Lookup'!$D$3:$E$150,2,false)) -> . | BF58: =if(isna(vlookup(concatenate("ALL",BF$48,$C58),'Preference Lookup'!$D$3:$E$150,2,false)),".",vlookup(concatenate("ALL",BF$48,$C58),'Preference Lookup'!$D$3:$E$150,2,false)) -> . | BG58: =if(isna(vlookup(concatenate("ALL",BG$48,$C58),'Preference Lookup'!$D$3:$E$150,2,false)),".",vlookup(concatenate("ALL",BG$48,$C58),'Preference Lookup'!$D$3:$E$150,2,false)) -> .
A59: =A58+1 -> 2 | C59: Contact preference (website) - mail | H59: =if(isna(vlookup(concatenate("ALL",H$48,$C59),'Preference Lookup'!$D$3:$E$150,2,false)),".",vlookup(concatenate("ALL",H$48,$C59),'Preference Lookup'!$D$3:$E$150,2,false)) -> . | I59: =if(isna(vlookup(concatenate("ALL",I$48,$C59),'Preference Lookup'!$D$3:$E$150,2,false)),".",vlookup(concatenate("ALL",I$48,$C59),'Preference Lookup'!$D$3:$E$150,2,false)) -> . | J59: =if(isna(vlookup(concatenate("ALL",J$48,$C59),'Preference Lookup'!$D$3:$E$150,2,false)),".",vlookup(concatenate("ALL",J$48,$C59),'Preference Lookup'!$D$3:$E$150,2,false)) -> . | K59: =if(isna(vlookup(concatenate("ALL",K$48,$C59),'Preference Lookup'!$D$3:$E$150,2,false)),".",vlookup(concatenate("ALL",K$48,$C59),'Preference Lookup'!$D$3:$E$150,2,false)) -> . | L59: . | BD59: =if(isna(vlookup(concatenate("ALL",BD$48,$C59),'Preference Lookup'!$D$3:$E$150,2,false)),".",vlookup(concatenate("ALL",BD$48,$C59),'Preference Lookup'!$D$3:$E$150,2,false)) -> . | BE59: =if(isna(vlookup(concatenate("ALL",BE$48,$C59),'Preference Lookup'!$D$3:$E$150,2,false)),".",vlookup(concatenate("ALL",BE$48,$C59),'Preference Lookup'!$D$3:$E$150,2,false)) -> . | BF59: =if(isna(vlookup(concatenate("ALL",BF$48,$C59),'Preference Lookup'!$D$3:$E$150,2,false)),".",vlookup(concatenate("ALL",BF$48,$C59),'Preference Lookup'!$D$3:$E$150,2,false)) -> . | BG59: =if(isna(vlookup(concatenate("ALL",BG$48,$C59),'Preference Lookup'!$D$3:$E$150,2,false)),".",vlookup(concatenate("ALL",BG$48,$C59),'Preference Lookup'!$D$3:$E$150,2,false)) -> .
A60: =A59+1 -> 3 | C60: Contact preference (website) - SMS | H60: =if(isna(vlookup(concatenate("ALL",H$48,$C60),'Preference Lookup'!$D$3:$E$150,2,false)),".",vlookup(concatenate("ALL",H$48,$C60),'Preference Lookup'!$D$3:$E$150,2,false)) -> . | I60: =if(isna(vlookup(concatenate("ALL",I$48,$C60),'Preference Lookup'!$D$3:$E$150,2,false)),".",vlookup(concatenate("ALL",I$48,$C60),'Preference Lookup'!$D$3:$E$150,2,false)) -> . | J60: =if(isna(vlookup(concatenate("ALL",J$48,$C60),'Preference Lookup'!$D$3:$E$150,2,false)),".",vlookup(concatenate("ALL",J$48,$C60),'Preference Lookup'!$D$3:$E$150,2,false)) -> . | K60: =if(isna(vlookup(concatenate("ALL",K$48,$C60),'Preference Lookup'!$D$3:$E$150,2,false)),".",vlookup(concatenate("ALL",K$48,$C60),'Preference Lookup'!$D$3:$E$150,2,false)) -> . | L60: . | BD60: =if(isna(vlookup(concatenate("ALL",BD$48,$C60),'Preference Lookup'!$D$3:$E$150,2,false)),".",vlookup(concatenate("ALL",BD$48,$C60),'Preference Lookup'!$D$3:$E$150,2,false)) -> . | BE60: =if(isna(vlookup(concatenate("ALL",BE$48,$C60),'Preference Lookup'!$D$3:$E$150,2,false)),".",vlookup(concatenate("ALL",BE$48,$C60),'Preference Lookup'!$D$3:$E$150,2,false)) -> . | BF60: =if(isna(vlookup(concatenate("ALL",BF$48,$C60),'Preference Lookup'!$D$3:$E$150,2,false)),".",vlookup(concatenate("ALL",BF$48,$C60),'Preference Lookup'!$D$3:$E$150,2,false)) -> . | BG60: =if(isna(vlookup(concatenate("ALL",BG$48,$C60),'Preference Lookup'!$D$3:$E$150,2,false)),".",vlookup(concatenate("ALL",BG$48,$C60),'Preference Lookup'!$D$3:$E$150,2,false)) -> .
A61: =A60+1 -> 4 | C61: Contact preference (website) - browser Cookies | H61: =if(isna(vlookup(concatenate("ALL",H$48,$C61),'Preference Lookup'!$D$3:$E$150,2,false)),".",vlookup(concatenate("ALL",H$48,$C61),'Preference Lookup'!$D$3:$E$150,2,false)) -> . | I61: =if(isna(vlookup(concatenate("ALL",I$48,$C61),'Preference Lookup'!$D$3:$E$150,2,false)),".",vlookup(concatenate("ALL",I$48,$C61),'Preference Lookup'!$D$3:$E$150,2,false)) -> . | J61: =if(isna(vlookup(concatenate("ALL",J$48,$C61),'Preference Lookup'!$D$3:$E$150,2,false)),".",vlookup(concatenate("ALL",J$48,$C61),'Preference Lookup'!$D$3:$E$150,2,false)) -> . | K61: =if(isna(vlookup(concatenate("ALL",K$48,$C61),'Preference Lookup'!$D$3:$E$150,2,false)),".",vlookup(concatenate("ALL",K$48,$C61),'Preference Lookup'!$D$3:$E$150,2,false)) -> . | L61: . | BD61: =if(isna(vlookup(concatenate("ALL",BD$48,$C61),'Preference Lookup'!$D$3:$E$150,2,false)),".",vlookup(concatenate("ALL",BD$48,$C61),'Preference Lookup'!$D$3:$E$150,2,false)) -> . | BE61: =if(isna(vlookup(concatenate("ALL",BE$48,$C61),'Preference Lookup'!$D$3:$E$150,2,false)),".",vlookup(concatenate("ALL",BE$48,$C61),'Preference Lookup'!$D$3:$E$150,2,false)) -> . | BF61: =if(isna(vlookup(concatenate("ALL",BF$48,$C61),'Preference Lookup'!$D$3:$E$150,2,false)),".",vlookup(concatenate("ALL",BF$48,$C61),'Preference Lookup'!$D$3:$E$150,2,false)) -> . | BG61: =if(isna(vlookup(concatenate("ALL",BG$48,$C61),'Preference Lookup'!$D$3:$E$150,2,false)),".",vlookup(concatenate("ALL",BG$48,$C61),'Preference Lookup'!$D$3:$E$150,2,false)) -> .
C63: Exclusions (data specific)
H64: =H$48 -> Email | I64: =I$48 -> Push - Rewards App | J64: =J$48 -> Rewards App | K64: =K$48 | BD64: =BD$48 -> Email | BE64: =BE$48 -> Push - Rewards App | BF64: =BF$48 -> Rewards App
C65: Global Exclusions
A66: 1 | C66: Cancelled Woolworths Reward Card | H66: =if(isna(vlookup(concatenate("ALL",H$48,$C66),'Preference Lookup'!$D$3:$E$150,2,false)),false,vlookup(concatenate("ALL",H$48,$C66),'Preference Lookup'!$D$3:$E$150,2,false)) -> TRUE | I66: TRUE | J66: =if(isna(vlookup(concatenate("ALL",J$48,$C66),'Preference Lookup'!$D$3:$E$150,2,false)),false,vlookup(concatenate("ALL",J$48,$C66),'Preference Lookup'!$D$3:$E$150,2,false)) -> TRUE | K66: =if(isna(vlookup(concatenate("ALL",K$48,$C66),'Preference Lookup'!$D$3:$E$150,2,false)),false,vlookup(concatenate("ALL",K$48,$C66),'Preference Lookup'!$D$3:$E$150,2,false)) -> FALSE | L66: =if(isna(vlookup(concatenate("ALL",L$48,$C66),'Preference Lookup'!$D$3:$E$150,2,false)),false,vlookup(concatenate("ALL",L$48,$C66),'Preference Lookup'!$D$3:$E$150,2,false)) -> FALSE | M66: FALSE | N66: FALSE | O66: FALSE | P66: FALSE | Q66: FALSE | R66: FALSE | S66: FALSE | T66: FALSE | U66: FALSE | V66: FALSE | W66: FALSE | X66: FALSE | Y66: FALSE | Z66: FALSE | AA66: FALSE | AB66: FALSE | AC66: FALSE | AD66: FALSE | AE66: FALSE | AF66: FALSE | AG66: FALSE | AH66: FALSE | AI66: FALSE | AJ66: FALSE | AK66: FALSE | AL66: FALSE | AM66: FALSE | AN66: FALSE | AO66: FALSE | AP66: FALSE | AQ66: FALSE | AR66: FALSE | AS66: FALSE | AT66: FALSE | AU66: FALSE | AV66: FALSE | AW66: FALSE | AX66: FALSE | AY66: FALSE | AZ66: FALSE | BA66: FALSE | BB66: FALSE | BC66: FALSE | BD66: =if(isna(vlookup(concatenate("ALL",BD$48,$C66),'Preference Lookup'!$D$3:$E$150,2,false)),false,vlookup(concatenate("ALL",BD$48,$C66),'Preference Lookup'!$D$3:$E$150,2,false)) -> TRUE | BE66: =if(isna(vlookup(concatenate("ALL",BE$48,$C66),'Preference Lookup'!$D$3:$E$150,2,false)),false,vlookup(concatenate("ALL",BE$48,$C66),'Preference Lookup'!$D$3:$E$150,2,false)) -> FALSE | BF66: =if(isna(vlookup(concatenate("ALL",BF$48,$C66),'Preference Lookup'!$D$3:$E$150,2,false)),false,vlookup(concatenate("ALL",BF$48,$C66),'Preference Lookup'!$D$3:$E$150,2,false)) -> TRUE | BG66: =if(isna(vlookup(concatenate("ALL",BG$48,$C66),'Preference Lookup'!$D$3:$E$150,2,false)),false,vlookup(concatenate("ALL",BG$48,$C66),'Preference Lookup'!$D$3:$E$150,2,false)) -> FALSE
A67: 2 | C67: Deceased | H67: =if(isna(vlookup(concatenate("ALL",H$48,$C67),'Preference Lookup'!$D$3:$E$150,2,false)),false,vlookup(concatenate("ALL",H$48,$C67),'Preference Lookup'!$D$3:$E$150,2,false)) -> TRUE | I67: TRUE | J67: =if(isna(vlookup(concatenate("ALL",J$48,$C67),'Preference Lookup'!$D$3:$E$150,2,false)),false,vlookup(concatenate("ALL",J$48,$C67),'Preference Lookup'!$D$3:$E$150,2,false)) -> TRUE | K67: =if(isna(vlookup(concatenate("ALL",K$48,$C67),'Preference Lookup'!$D$3:$E$150,2,false)),false,vlookup(concatenate("ALL",K$48,$C67),'Preference Lookup'!$D$3:$E$150,2,false)) -> FALSE | L67: =if(isna(vlookup(concatenate("ALL",L$48,$C67),'Preference Lookup'!$D$3:$E$150,2,false)),false,vlookup(concatenate("ALL",L$48,$C67),'Preference Lookup'!$D$3:$E$150,2,false)) -> FALSE | M67: FALSE | N67: FALSE | O67: FALSE | P67: FALSE | Q67: FALSE | R67: FALSE | S67: FALSE | T67: FALSE | U67: FALSE | V67: FALSE | W67: FALSE | X67: FALSE | Y67: FALSE | Z67: FALSE | AA67: FALSE | AB67: FALSE | AC67: FALSE | AD67: FALSE | AE67: FALSE | AF67: FALSE | AG67: FALSE | AH67: FALSE | AI67: FALSE | AJ67: FALSE | AK67: FALSE | AL67: FALSE | AM67: FALSE | AN67: FALSE | AO67: FALSE | AP67: FALSE | AQ67: FALSE | AR67: FALSE | AS67: FALSE | AT67: FALSE | AU67: FALSE | AV67: FALSE | AW67: FALSE | AX67: FALSE | AY67: FALSE | AZ67: FALSE | BA67: FALSE | BB67: FALSE | BC67: FALSE | BD67: =if(isna(vlookup(concatenate("ALL",BD$48,$C67),'Preference Lookup'!$D$3:$E$150,2,false)),false,vlookup(concatenate("ALL",BD$48,$C67),'Preference Lookup'!$D$3:$E$150,2,false)) -> TRUE | BE67: =if(isna(vlookup(concatenate("ALL",BE$48,$C67),'Preference Lookup'!$D$3:$E$150,2,false)),false,vlookup(concatenate("ALL",BE$48,$C67),'Preference Lookup'!$D$3:$E$150,2,false)) -> FALSE | BF67: =if(isna(vlookup(concatenate("ALL",BF$48,$C67),'Preference Lookup'!$D$3:$E$150,2,false)),false,vlookup(concatenate("ALL",BF$48,$C67),'Preference Lookup'!$D$3:$E$150,2,false)) -> TRUE | BG67: =if(isna(vlookup(concatenate("ALL",BG$48,$C67),'Preference Lookup'!$D$3:$E$150,2,false)),false,vlookup(concatenate("ALL",BG$48,$C67),'Preference Lookup'!$D$3:$E$150,2,false)) -> FALSE
A68: =A67+1 -> 3 | C68: Age < 16 years | H68: =if(isna(vlookup(concatenate("ALL",H$48,$C68),'Preference Lookup'!$D$3:$E$150,2,false)),false,vlookup(concatenate("ALL",H$48,$C68),'Preference Lookup'!$D$3:$E$150,2,false)) -> TRUE | I68: TRUE | J68: =if(isna(vlookup(concatenate("ALL",J$48,$C68),'Preference Lookup'!$D$3:$E$150,2,false)),false,vlookup(concatenate("ALL",J$48,$C68),'Preference Lookup'!$D$3:$E$150,2,false)) -> TRUE | K68: =if(isna(vlookup(concatenate("ALL",K$48,$C68),'Preference Lookup'!$D$3:$E$150,2,false)),false,vlookup(concatenate("ALL",K$48,$C68),'Preference Lookup'!$D$3:$E$150,2,false)) -> FALSE | L68: =if(isna(vlookup(concatenate("ALL",L$48,$C68),'Preference Lookup'!$D$3:$E$150,2,false)),false,vlookup(concatenate("ALL",L$48,$C68),'Preference Lookup'!$D$3:$E$150,2,false)) -> FALSE | M68: FALSE | N68: FALSE | O68: FALSE | P68: FALSE | Q68: FALSE | R68: FALSE | S68: FALSE | T68: FALSE | U68: FALSE | V68: FALSE | W68: FALSE | X68: FALSE | Y68: FALSE | Z68: FALSE | AA68: FALSE | AB68: FALSE | AC68: FALSE | AD68: FALSE | AE68: FALSE | AF68: FALSE | AG68: FALSE | AH68: FALSE | AI68: FALSE | AJ68: FALSE | AK68: FALSE | AL68: FALSE | AM68: FALSE | AN68: FALSE | AO68: FALSE | AP68: FALSE | AQ68: FALSE | AR68: FALSE | AS68: FALSE | AT68: FALSE | AU68: FALSE | AV68: FALSE | AW68: FALSE | AX68: FALSE | AY68: FALSE | AZ68: FALSE | BA68: FALSE | BB68: FALSE | BC68: FALSE | BD68: =if(isna(vlookup(concatenate("ALL",BD$48,$C68),'Preference Lookup'!$D$3:$E$150,2,false)),false,vlookup(concatenate("ALL",BD$48,$C68),'Preference Lookup'!$D$3:$E$150,2,false)) -> TRUE | BE68: =if(isna(vlookup(concatenate("ALL",BE$48,$C68),'Preference Lookup'!$D$3:$E$150,2,false)),false,vlookup(concatenate("ALL",BE$48,$C68),'Preference Lookup'!$D$3:$E$150,2,false)) -> FALSE | BF68: =if(isna(vlookup(concatenate("ALL",BF$48,$C68),'Preference Lookup'!$D$3:$E$150,2,false)),false,vlookup(concatenate("ALL",BF$48,$C68),'Preference Lookup'!$D$3:$E$150,2,false)) -> TRUE | BG68: =if(isna(vlookup(concatenate("ALL",BG$48,$C68),'Preference Lookup'!$D$3:$E$150,2,false)),false,vlookup(concatenate("ALL",BG$48,$C68),'Preference Lookup'!$D$3:$E$150,2,false)) -> FALSE
A69: =A68+1 -> 4 | C69: DC Universal Control Group | H69: =if(isna(vlookup(concatenate("ALL",H$48,$C69),'Preference Lookup'!$D$3:$E$150,2,false)),false,vlookup(concatenate("ALL",H$48,$C69),'Preference Lookup'!$D$3:$E$150,2,false)) -> TRUE | I69: =true -> TRUE | J69: =true -> TRUE | K69: =if(isna(vlookup(concatenate("ALL",K$48,$C69),'Preference Lookup'!$D$3:$E$150,2,false)),false,vlookup(concatenate("ALL",K$48,$C69),'Preference Lookup'!$D$3:$E$150,2,false)) -> FALSE | L69: =if(isna(vlookup(concatenate("ALL",L$48,$C69),'Preference Lookup'!$D$3:$E$150,2,false)),false,vlookup(concatenate("ALL",L$48,$C69),'Preference Lookup'!$D$3:$E$150,2,false)) -> FALSE | M69: FALSE | N69: FALSE | O69: FALSE | P69: FALSE | Q69: FALSE | R69: FALSE | S69: FALSE | T69: FALSE | U69: FALSE | V69: FALSE | W69: FALSE | X69: FALSE | Y69: FALSE | Z69: FALSE | AA69: FALSE | AB69: FALSE | AC69: FALSE | AD69: FALSE | AE69: FALSE | AF69: FALSE | AG69: FALSE | AH69: FALSE | AI69: FALSE | AJ69: FALSE | AK69: FALSE | AL69: FALSE | AM69: FALSE | AN69: FALSE | AO69: FALSE | AP69: FALSE | AQ69: FALSE | AR69: FALSE | AS69: FALSE | AT69: FALSE | AU69: FALSE | AV69: FALSE | AW69: FALSE | AX69: FALSE | AY69: FALSE | AZ69: FALSE | BA69: FALSE | BB69: FALSE | BC69: FALSE | BD69: =if(isna(vlookup(concatenate("ALL",BD$48,$C69),'Preference Lookup'!$D$3:$E$150,2,false)),false,vlookup(concatenate("ALL",BD$48,$C69),'Preference Lookup'!$D$3:$E$150,2,false)) -> TRUE | BE69: =if(isna(vlookup(concatenate("ALL",BE$48,$C69),'Preference Lookup'!$D$3:$E$150,2,false)),false,vlookup(concatenate("ALL",BE$48,$C69),'Preference Lookup'!$D$3:$E$150,2,false)) -> FALSE | BF69: =if(isna(vlookup(concatenate("ALL",BF$48,$C69),'Preference Lookup'!$D$3:$E$150,2,false)),false,vlookup(concatenate("ALL",BF$48,$C69),'Preference Lookup'!$D$3:$E$150,2,false)) -> FALSE | BG69: =if(isna(vlookup(concatenate("ALL",BG$48,$C69),'Preference Lookup'!$D$3:$E$150,2,false)),false,vlookup(concatenate("ALL",BG$48,$C69),'Preference Lookup'!$D$3:$E$150,2,false)) -> FALSE
A70: =A69+1 -> 5 | C70: Competitor Email (Add Domain here for Ref) | H70: =if(isna(vlookup(concatenate("ALL",H$48,$C70),'Preference Lookup'!$D$3:$E$150,2,false)),false,vlookup(concatenate("ALL",H$48,$C70),'Preference Lookup'!$D$3:$E$150,2,false)) -> TRUE | I70: =if(isna(vlookup(concatenate("ALL",I$48,$C70),'Preference Lookup'!$D$3:$E$150,2,false)),false,vlookup(concatenate("ALL",I$48,$C70),'Preference Lookup'!$D$3:$E$150,2,false)) -> FALSE | J70: =if(isna(vlookup(concatenate("ALL",J$48,$C70),'Preference Lookup'!$D$3:$E$150,2,false)),false,vlookup(concatenate("ALL",J$48,$C70),'Preference Lookup'!$D$3:$E$150,2,false)) -> FALSE | K70: =if(isna(vlookup(concatenate("ALL",K$48,$C70),'Preference Lookup'!$D$3:$E$150,2,false)),false,vlookup(concatenate("ALL",K$48,$C70),'Preference Lookup'!$D$3:$E$150,2,false)) -> FALSE | L70: =if(isna(vlookup(concatenate("ALL",L$48,$C70),'Preference Lookup'!$D$3:$E$150,2,false)),false,vlookup(concatenate("ALL",L$48,$C70),'Preference Lookup'!$D$3:$E$150,2,false)) -> FALSE | M70: FALSE | N70: FALSE | O70: FALSE | P70: FALSE | Q70: FALSE | R70: FALSE | S70: FALSE | T70: FALSE | U70: FALSE | V70: FALSE | W70: FALSE | X70: FALSE | Y70: FALSE | Z70: FALSE | AA70: FALSE | AB70: FALSE | AC70: FALSE | AD70: FALSE | AE70: FALSE | AF70: FALSE | AG70: FALSE | AH70: FALSE | AI70: FALSE | AJ70: FALSE | AK70: FALSE | AL70: FALSE | AM70: FALSE | AN70: FALSE | AO70: FALSE | AP70: FALSE | AQ70: FALSE | AR70: FALSE | AS70: FALSE | AT70: FALSE | AU70: FALSE | AV70: FALSE | AW70: FALSE | AX70: FALSE | AY70: FALSE | AZ70: FALSE | BA70: FALSE | BB70: FALSE | BC70: FALSE | BD70: =if(isna(vlookup(concatenate("ALL",BD$48,$C70),'Preference Lookup'!$D$3:$E$150,2,false)),false,vlookup(concatenate("ALL",BD$48,$C70),'Preference Lookup'!$D$3:$E$150,2,false)) -> TRUE | BE70: =if(isna(vlookup(concatenate("ALL",BE$48,$C70),'Preference Lookup'!$D$3:$E$150,2,false)),false,vlookup(concatenate("ALL",BE$48,$C70),'Preference Lookup'!$D$3:$E$150,2,false)) -> FALSE | BF70: =if(isna(vlookup(concatenate("ALL",BF$48,$C70),'Preference Lookup'!$D$3:$E$150,2,false)),false,vlookup(concatenate("ALL",BF$48,$C70),'Preference Lookup'!$D$3:$E$150,2,false)) -> FALSE | BG70: =if(isna(vlookup(concatenate("ALL",BG$48,$C70),'Preference Lookup'!$D$3:$E$150,2,false)),false,vlookup(concatenate("ALL",BG$48,$C70),'Preference Lookup'!$D$3:$E$150,2,false)) -> FALSE
C72: Standard Exclusions
H73: =H$48 -> Email | I73: =I$48 -> Push - Rewards App | J73: =J$48 -> Rewards App | K73: =K64 | L73: =L$48 | BD73: =BD$48 -> Email | BE73: =BE$48 -> Push - Rewards App | BF73: =BF$48 -> Rewards App
A74: 1 | C74: Age < 18 years (EXCLUDE) | H74: =true -> TRUE | I74: =true -> TRUE | J74: =true -> TRUE | K74: =if(isna(vlookup(concatenate(Menu!$B$5,K$48,$C74),'Preference Lookup'!$D$3:$E$150,2,false)),false,vlookup(concatenate(Menu!$B$5,K$48,$C74),'Preference Lookup'!$D$3:$E$150,2,false)) -> #REF! | L74: =if(isna(vlookup(concatenate(Menu!$B$5,L$48,$C74),'Preference Lookup'!$D$3:$E$150,2,false)),false,vlookup(concatenate(Menu!$B$5,L$48,$C74),'Preference Lookup'!$D$3:$E$150,2,false)) -> #REF! | M74: FALSE | N74: FALSE | O74: FALSE | P74: FALSE | Q74: FALSE | R74: FALSE | S74: FALSE | T74: FALSE | U74: FALSE | V74: FALSE | W74: FALSE | X74: FALSE | Y74: FALSE | Z74: FALSE | AA74: FALSE | AB74: FALSE | AC74: FALSE | AD74: FALSE | AE74: FALSE | AF74: FALSE | AG74: FALSE | AH74: FALSE | AI74: FALSE | AJ74: FALSE | AK74: FALSE | AL74: FALSE | AM74: FALSE | AN74: FALSE | AO74: FALSE | AP74: FALSE | AQ74: FALSE | AR74: FALSE | AS74: FALSE | AT74: FALSE | AU74: FALSE | AV74: FALSE | AW74: FALSE | AX74: FALSE | AY74: FALSE | AZ74: FALSE | BA74: FALSE | BB74: FALSE | BC74: FALSE | BD74: =if(isna(vlookup(concatenate(Menu!$B$5,BD$48,$C74),'Preference Lookup'!$D$3:$E$150,2,false)),false,vlookup(concatenate(Menu!$B$5,BD$48,$C74),'Preference Lookup'!$D$3:$E$150,2,false)) -> #REF! | BE74: =if(isna(vlookup(concatenate(Menu!$B$5,BE$48,$C74),'Preference Lookup'!$D$3:$E$150,2,false)),false,vlookup(concatenate(Menu!$B$5,BE$48,$C74),'Preference Lookup'!$D$3:$E$150,2,false)) -> #REF! | BF74: =if(isna(vlookup(concatenate(Menu!$B$5,BF$48,$C74),'Preference Lookup'!$D$3:$E$150,2,false)),false,vlookup(concatenate(Menu!$B$5,BF$48,$C74),'Preference Lookup'!$D$3:$E$150,2,false)) -> #REF! | BG74: =if(isna(vlookup(concatenate(Menu!$B$5,BG$48,$C74),'Preference Lookup'!$D$3:$E$150,2,false)),false,vlookup(concatenate(Menu!$B$5,BG$48,$C74),'Preference Lookup'!$D$3:$E$150,2,false)) -> #REF!
A75: =A74+1 -> 2 | C75: Age > 100 years or Missing | H75: =if(isna(vlookup(concatenate("ALL",H$48,$C75),'Preference Lookup'!$D$3:$E$150,2,false)),false,vlookup(concatenate("ALL",H$48,$C75),'Preference Lookup'!$D$3:$E$150,2,false)) -> TRUE | I75: TRUE | J75: =if(isna(vlookup(concatenate("ALL",J$48,$C75),'Preference Lookup'!$D$3:$E$150,2,false)),false,vlookup(concatenate("ALL",J$48,$C75),'Preference Lookup'!$D$3:$E$150,2,false)) -> TRUE | K75: =if(isna(vlookup(concatenate("ALL",K$48,$C75),'Preference Lookup'!$D$3:$E$150,2,false)),false,vlookup(concatenate("ALL",K$48,$C75),'Preference Lookup'!$D$3:$E$150,2,false)) -> FALSE | L75: =if(isna(vlookup(concatenate("ALL",L$48,$C75),'Preference Lookup'!$D$3:$E$150,2,false)),false,vlookup(concatenate("ALL",L$48,$C75),'Preference Lookup'!$D$3:$E$150,2,false)) -> FALSE | M75: FALSE | N75: FALSE | O75: FALSE | P75: FALSE | Q75: FALSE | R75: FALSE | S75: FALSE | T75: FALSE | U75: FALSE | V75: FALSE | W75: FALSE | X75: FALSE | Y75: FALSE | Z75: FALSE | AA75: FALSE | AB75: FALSE | AC75: FALSE | AD75: FALSE | AE75: FALSE | AF75: FALSE | AG75: FALSE | AH75: FALSE | AI75: FALSE | AJ75: FALSE | AK75: FALSE | AL75: FALSE | AM75: FALSE | AN75: FALSE | AO75: FALSE | AP75: FALSE | AQ75: FALSE | AR75: FALSE | AS75: FALSE | AT75: FALSE | AU75: FALSE | AV75: FALSE | AW75: FALSE | AX75: FALSE | AY75: FALSE | AZ75: FALSE | BA75: FALSE | BB75: FALSE | BC75: FALSE | BD75: =if(isna(vlookup(concatenate("ALL",BD$48,$C75),'Preference Lookup'!$D$3:$E$150,2,false)),false,vlookup(concatenate("ALL",BD$48,$C75),'Preference Lookup'!$D$3:$E$150,2,false)) -> TRUE | BE75: =if(isna(vlookup(concatenate("ALL",BE$48,$C75),'Preference Lookup'!$D$3:$E$150,2,false)),false,vlookup(concatenate("ALL",BE$48,$C75),'Preference Lookup'!$D$3:$E$150,2,false)) -> FALSE | BF75: =if(isna(vlookup(concatenate("ALL",BF$48,$C75),'Preference Lookup'!$D$3:$E$150,2,false)),false,vlookup(concatenate("ALL",BF$48,$C75),'Preference Lookup'!$D$3:$E$150,2,false)) -> TRUE | BG75: =if(isna(vlookup(concatenate("ALL",BG$48,$C75),'Preference Lookup'!$D$3:$E$150,2,false)),false,vlookup(concatenate("ALL",BG$48,$C75),'Preference Lookup'!$D$3:$E$150,2,false)) -> FALSE
A76: =A75+1 -> 3 | C76: Overseas | H76: =if(isna(vlookup(concatenate("ALL",H$48,$C76),'Preference Lookup'!$D$3:$E$150,2,false)),false,vlookup(concatenate("ALL",H$48,$C76),'Preference Lookup'!$D$3:$E$150,2,false)) -> TRUE | I76: TRUE | J76: =if(isna(vlookup(concatenate("ALL",J$48,$C76),'Preference Lookup'!$D$3:$E$150,2,false)),false,vlookup(concatenate("ALL",J$48,$C76),'Preference Lookup'!$D$3:$E$150,2,false)) -> TRUE | K76: =if(isna(vlookup(concatenate("ALL",K$48,$C76),'Preference Lookup'!$D$3:$E$150,2,false)),false,vlookup(concatenate("ALL",K$48,$C76),'Preference Lookup'!$D$3:$E$150,2,false)) -> FALSE | L76: =if(isna(vlookup(concatenate("ALL",L$48,$C76),'Preference Lookup'!$D$3:$E$150,2,false)),false,vlookup(concatenate("ALL",L$48,$C76),'Preference Lookup'!$D$3:$E$150,2,false)) -> FALSE | M76: FALSE | N76: FALSE | O76: FALSE | P76: FALSE | Q76: FALSE | R76: FALSE | S76: FALSE | T76: FALSE | U76: FALSE | V76: FALSE | W76: FALSE | X76: FALSE | Y76: FALSE | Z76: FALSE | AA76: FALSE | AB76: FALSE | AC76: FALSE | AD76: FALSE | AE76: FALSE | AF76: FALSE | AG76: FALSE | AH76: FALSE | AI76: FALSE | AJ76: FALSE | AK76: FALSE | AL76: FALSE | AM76: FALSE | AN76: FALSE | AO76: FALSE | AP76: FALSE | AQ76: FALSE | AR76: FALSE | AS76: FALSE | AT76: FALSE | AU76: FALSE | AV76: FALSE | AW76: FALSE | AX76: FALSE | AY76: FALSE | AZ76: FALSE | BA76: FALSE | BB76: FALSE | BC76: FALSE | BD76: =if(isna(vlookup(concatenate("ALL",BD$48,$C76),'Preference Lookup'!$D$3:$E$150,2,false)),false,vlookup(concatenate("ALL",BD$48,$C76),'Preference Lookup'!$D$3:$E$150,2,false)) -> TRUE | BE76: =if(isna(vlookup(concatenate("ALL",BE$48,$C76),'Preference Lookup'!$D$3:$E$150,2,false)),false,vlookup(concatenate("ALL",BE$48,$C76),'Preference Lookup'!$D$3:$E$150,2,false)) -> FALSE | BF76: =if(isna(vlookup(concatenate("ALL",BF$48,$C76),'Preference Lookup'!$D$3:$E$150,2,false)),false,vlookup(concatenate("ALL",BF$48,$C76),'Preference Lookup'!$D$3:$E$150,2,false)) -> TRUE | BG76: =if(isna(vlookup(concatenate("ALL",BG$48,$C76),'Preference Lookup'!$D$3:$E$150,2,false)),false,vlookup(concatenate("ALL",BG$48,$C76),'Preference Lookup'!$D$3:$E$150,2,false)) -> FALSE
A77: 4 | C77: Malicious First Name | H77: =if(isna(vlookup(concatenate("ALL",H$48,$C77),'Preference Lookup'!$D$3:$E$150,2,false)),false,vlookup(concatenate("ALL",H$48,$C77),'Preference Lookup'!$D$3:$E$150,2,false)) -> TRUE | I77: FALSE | J77: =if(isna(vlookup(concatenate("ALL",J$48,$C77),'Preference Lookup'!$D$3:$E$150,2,false)),false,vlookup(concatenate("ALL",J$48,$C77),'Preference Lookup'!$D$3:$E$150,2,false)) -> FALSE | K77: =if(isna(vlookup(concatenate("ALL",K$48,$C77),'Preference Lookup'!$D$3:$E$150,2,false)),false,vlookup(concatenate("ALL",K$48,$C77),'Preference Lookup'!$D$3:$E$150,2,false)) -> FALSE | L77: =if(isna(vlookup(concatenate("ALL",L$48,$C77),'Preference Lookup'!$D$3:$E$150,2,false)),false,vlookup(concatenate("ALL",L$48,$C77),'Preference Lookup'!$D$3:$E$150,2,false)) -> FALSE | M77: FALSE | N77: FALSE | O77: FALSE | P77: FALSE | Q77: FALSE | R77: FALSE | S77: FALSE | T77: FALSE | U77: FALSE | V77: FALSE | W77: FALSE | X77: FALSE | Y77: FALSE | Z77: FALSE | AA77: FALSE | AB77: FALSE | AC77: FALSE | AD77: FALSE | AE77: FALSE | AF77: FALSE | AG77: FALSE | AH77: FALSE | AI77: FALSE | AJ77: FALSE | AK77: FALSE | AL77: FALSE | AM77: FALSE | AN77: FALSE | AO77: FALSE | AP77: FALSE | AQ77: FALSE | AR77: FALSE | AS77: FALSE | AT77: FALSE | AU77: FALSE | AV77: FALSE | AW77: FALSE | AX77: FALSE | AY77: FALSE | AZ77: FALSE | BA77: FALSE | BB77: FALSE | BC77: FALSE | BD77: =if(isna(vlookup(concatenate("ALL",BD$48,$C77),'Preference Lookup'!$D$3:$E$150,2,false)),false,vlookup(concatenate("ALL",BD$48,$C77),'Preference Lookup'!$D$3:$E$150,2,false)) -> TRUE | BE77: =if(isna(vlookup(concatenate("ALL",BE$48,$C77),'Preference Lookup'!$D$3:$E$150,2,false)),false,vlookup(concatenate("ALL",BE$48,$C77),'Preference Lookup'!$D$3:$E$150,2,false)) -> FALSE | BF77: =if(isna(vlookup(concatenate("ALL",BF$48,$C77),'Preference Lookup'!$D$3:$E$150,2,false)),false,vlookup(concatenate("ALL",BF$48,$C77),'Preference Lookup'!$D$3:$E$150,2,false)) -> FALSE | BG77: =if(isna(vlookup(concatenate("ALL",BG$48,$C77),'Preference Lookup'!$D$3:$E$150,2,false)),false,vlookup(concatenate("ALL",BG$48,$C77),'Preference Lookup'!$D$3:$E$150,2,false)) -> FALSE
A78: =A77+1 -> 5 | C78: Malicious Last Name | H78: =if(isna(vlookup(concatenate("ALL",H$48,$C78),'Preference Lookup'!$D$3:$E$150,2,false)),false,vlookup(concatenate("ALL",H$48,$C78),'Preference Lookup'!$D$3:$E$150,2,false)) -> FALSE | I78: FALSE | J78: =if(isna(vlookup(concatenate("ALL",J$48,$C78),'Preference Lookup'!$D$3:$E$150,2,false)),false,vlookup(concatenate("ALL",J$48,$C78),'Preference Lookup'!$D$3:$E$150,2,false)) -> FALSE | K78: =if(isna(vlookup(concatenate("ALL",K$48,$C78),'Preference Lookup'!$D$3:$E$150,2,false)),false,vlookup(concatenate("ALL",K$48,$C78),'Preference Lookup'!$D$3:$E$150,2,false)) -> FALSE | L78: =if(isna(vlookup(concatenate("ALL",L$48,$C78),'Preference Lookup'!$D$3:$E$150,2,false)),false,vlookup(concatenate("ALL",L$48,$C78),'Preference Lookup'!$D$3:$E$150,2,false)) -> FALSE | M78: FALSE | N78: FALSE | O78: FALSE | P78: FALSE | Q78: FALSE | R78: FALSE | S78: FALSE | T78: FALSE | U78: FALSE | V78: FALSE | W78: FALSE | X78: FALSE | Y78: FALSE | Z78: FALSE | AA78: FALSE | AB78: FALSE | AC78: FALSE | AD78: FALSE | AE78: FALSE | AF78: FALSE | AG78: FALSE | AH78: FALSE | AI78: FALSE | AJ78: FALSE | AK78: FALSE | AL78: FALSE | AM78: FALSE | AN78: FALSE | AO78: FALSE | AP78: FALSE | AQ78: FALSE | AR78: FALSE | AS78: FALSE | AT78: FALSE | AU78: FALSE | AV78: FALSE | AW78: FALSE | AX78: FALSE | AY78: FALSE | AZ78: FALSE | BA78: FALSE | BB78: FALSE | BC78: FALSE | BD78: =if(isna(vlookup(concatenate("ALL",BD$48,$C78),'Preference Lookup'!$D$3:$E$150,2,false)),false,vlookup(concatenate("ALL",BD$48,$C78),'Preference Lookup'!$D$3:$E$150,2,false)) -> FALSE | BE78: =if(isna(vlookup(concatenate("ALL",BE$48,$C78),'Preference Lookup'!$D$3:$E$150,2,false)),false,vlookup(concatenate("ALL",BE$48,$C78),'Preference Lookup'!$D$3:$E$150,2,false)) -> FALSE | BF78: =if(isna(vlookup(concatenate("ALL",BF$48,$C78),'Preference Lookup'!$D$3:$E$150,2,false)),false,vlookup(concatenate("ALL",BF$48,$C78),'Preference Lookup'!$D$3:$E$150,2,false)) -> FALSE | BG78: =if(isna(vlookup(concatenate("ALL",BG$48,$C78),'Preference Lookup'!$D$3:$E$150,2,false)),false,vlookup(concatenate("ALL",BG$48,$C78),'Preference Lookup'!$D$3:$E$150,2,false)) -> FALSE
A79: =A78+1 -> 6 | C79: =HYPERLINK("https://www.health.gov.au/health-topics/alcohol/about-alcohol/alcohol-laws-in-australia","Dry Postcodes (for Liquor Campaigns)") -> Dry Postcodes (for Liquor Campaigns) | H79: =if(isna(vlookup(concatenate(Menu!$B$5,H$48,$C79),'Preference Lookup'!$D$3:$E$150,2,false)),false,vlookup(concatenate(Menu!$B$5,H$48,$C79),'Preference Lookup'!$D$3:$E$150,2,false)) -> #REF! | I79: FALSE | J79: =if(isna(vlookup(concatenate(Menu!$B$5,J$48,$C79),'Preference Lookup'!$D$3:$E$150,2,false)),false,vlookup(concatenate(Menu!$B$5,J$48,$C79),'Preference Lookup'!$D$3:$E$150,2,false)) -> #REF! | K79: =if(isna(vlookup(concatenate(Menu!$B$5,K$48,$C79),'Preference Lookup'!$D$3:$E$150,2,false)),false,vlookup(concatenate(Menu!$B$5,K$48,$C79),'Preference Lookup'!$D$3:$E$150,2,false)) -> #REF! | L79: =if(isna(vlookup(concatenate(Menu!$B$5,L$48,$C79),'Preference Lookup'!$D$3:$E$150,2,false)),false,vlookup(concatenate(Menu!$B$5,L$48,$C79),'Preference Lookup'!$D$3:$E$150,2,false)) -> #REF! | M79: FALSE | N79: FALSE | O79: FALSE | P79: FALSE | Q79: FALSE | R79: FALSE | S79: FALSE | T79: FALSE | U79: FALSE | V79: FALSE | W79: FALSE | X79: FALSE | Y79: FALSE | Z79: FALSE | AA79: FALSE | AB79: FALSE | AC79: FALSE | AD79: FALSE | AE79: FALSE | AF79: FALSE | AG79: FALSE | AH79: FALSE | AI79: FALSE | AJ79: FALSE | AK79: FALSE | AL79: FALSE | AM79: FALSE | AN79: FALSE | AO79: FALSE | AP79: FALSE | AQ79: FALSE | AR79: FALSE | AS79: FALSE | AT79: FALSE | AU79: FALSE | AV79: FALSE | AW79: FALSE | AX79: FALSE | AY79: FALSE | AZ79: FALSE | BA79: FALSE | BB79: FALSE | BC79: FALSE | BD79: =if(isna(vlookup(concatenate(Menu!$B$5,BD$48,$C79),'Preference Lookup'!$D$3:$E$150,2,false)),false,vlookup(concatenate(Menu!$B$5,BD$48,$C79),'Preference Lookup'!$D$3:$E$150,2,false)) -> #REF! | BE79: =if(isna(vlookup(concatenate(Menu!$B$5,BE$48,$C79),'Preference Lookup'!$D$3:$E$150,2,false)),false,vlookup(concatenate(Menu!$B$5,BE$48,$C79),'Preference Lookup'!$D$3:$E$150,2,false)) -> #REF! | BF79: =if(isna(vlookup(concatenate(Menu!$B$5,BF$48,$C79),'Preference Lookup'!$D$3:$E$150,2,false)),false,vlookup(concatenate(Menu!$B$5,BF$48,$C79),'Preference Lookup'!$D$3:$E$150,2,false)) -> #REF! | BG79: =if(isna(vlookup(concatenate(Menu!$B$5,BG$48,$C79),'Preference Lookup'!$D$3:$E$150,2,false)),false,vlookup(concatenate(Menu!$B$5,BG$48,$C79),'Preference Lookup'!$D$3:$E$150,2,false)) -> #REF!
A80: =A79+1 -> 7 | C80: Onboarding Journey (Joined Rewards in the last 30 days) | H80: TRUE | I80: TRUE | J80: TRUE | K80: =if(isna(vlookup(concatenate("ALL",K$48,$C80),'Preference Lookup'!$D$3:$E$150,2,false)),false,vlookup(concatenate("ALL",K$48,$C80),'Preference Lookup'!$D$3:$E$150,2,false)) -> FALSE | L80: =if(isna(vlookup(concatenate("ALL",L$48,$C80),'Preference Lookup'!$D$3:$E$150,2,false)),false,vlookup(concatenate("ALL",L$48,$C80),'Preference Lookup'!$D$3:$E$150,2,false)) -> FALSE | M80: FALSE | N80: FALSE | O80: FALSE | P80: FALSE | Q80: FALSE | R80: FALSE | S80: FALSE | T80: FALSE | U80: FALSE | V80: FALSE | W80: FALSE | X80: FALSE | Y80: FALSE | Z80: FALSE | AA80: FALSE | AB80: FALSE | AC80: FALSE | AD80: FALSE | AE80: FALSE | AF80: FALSE | AG80: FALSE | AH80: FALSE | AI80: FALSE | AJ80: FALSE | AK80: FALSE | AL80: FALSE | AM80: FALSE | AN80: FALSE | AO80: FALSE | AP80: FALSE | AQ80: FALSE | AR80: FALSE | AS80: FALSE | AT80: FALSE | AU80: FALSE | AV80: FALSE | AW80: FALSE | AX80: FALSE | AY80: FALSE | AZ80: FALSE | BA80: FALSE | BB80: FALSE | BC80: FALSE | BD80: =if(isna(vlookup(concatenate("ALL",BD$48,$C80),'Preference Lookup'!$D$3:$E$150,2,false)),false,vlookup(concatenate("ALL",BD$48,$C80),'Preference Lookup'!$D$3:$E$150,2,false)) -> TRUE | BE80: =if(isna(vlookup(concatenate("ALL",BE$48,$C80),'Preference Lookup'!$D$3:$E$150,2,false)),false,vlookup(concatenate("ALL",BE$48,$C80),'Preference Lookup'!$D$3:$E$150,2,false)) -> FALSE | BF80: =if(isna(vlookup(concatenate("ALL",BF$48,$C80),'Preference Lookup'!$D$3:$E$150,2,false)),false,vlookup(concatenate("ALL",BF$48,$C80),'Preference Lookup'!$D$3:$E$150,2,false)) -> TRUE | BG80: =if(isna(vlookup(concatenate("ALL",BG$48,$C80),'Preference Lookup'!$D$3:$E$150,2,false)),false,vlookup(concatenate("ALL",BG$48,$C80),'Preference Lookup'!$D$3:$E$150,2,false)) -> FALSE
A81: =A80+1 -> 8 | C81: Staff | H81: FALSE | I81: FALSE | J81: FALSE | K81: =if(isna(vlookup(concatenate(Menu!$B$5,K$48,$C81),'Preference Lookup'!$D$3:$E$150,2,false)),false,vlookup(concatenate(Menu!$B$5,K$48,$C81),'Preference Lookup'!$D$3:$E$150,2,false)) -> #REF! | L81: =if(isna(vlookup(concatenate("ALL",L$48,$C81),'Preference Lookup'!$D$3:$E$150,2,false)),false,vlookup(concatenate("ALL",L$48,$C81),'Preference Lookup'!$D$3:$E$150,2,false)) -> FALSE | M81: FALSE | N81: FALSE | O81: FALSE | P81: FALSE | Q81: FALSE | R81: FALSE | S81: FALSE | T81: FALSE | U81: FALSE | V81: FALSE | W81: FALSE | X81: FALSE | Y81: FALSE | Z81: FALSE | AA81: FALSE | AB81: FALSE | AC81: FALSE | AD81: FALSE | AE81: FALSE | AF81: FALSE | AG81: FALSE | AH81: FALSE | AI81: FALSE | AJ81: FALSE | AK81: FALSE | AL81: FALSE | AM81: FALSE | AN81: FALSE | AO81: FALSE | AP81: FALSE | AQ81: FALSE | AR81: FALSE | AS81: FALSE | AT81: FALSE | AU81: FALSE | AV81: FALSE | AW81: FALSE | AX81: FALSE | AY81: FALSE | AZ81: FALSE | BA81: FALSE | BB81: FALSE | BC81: FALSE | BD81: =if(isna(vlookup(concatenate("ALL",BD$48,$C81),'Preference Lookup'!$D$3:$E$150,2,false)),false,vlookup(concatenate("ALL",BD$48,$C81),'Preference Lookup'!$D$3:$E$150,2,false)) -> TRUE | BE81: =if(isna(vlookup(concatenate("ALL",BE$48,$C81),'Preference Lookup'!$D$3:$E$150,2,false)),false,vlookup(concatenate("ALL",BE$48,$C81),'Preference Lookup'!$D$3:$E$150,2,false)) -> FALSE | BF81: =if(isna(vlookup(concatenate("ALL",BF$48,$C81),'Preference Lookup'!$D$3:$E$150,2,false)),false,vlookup(concatenate("ALL",BF$48,$C81),'Preference Lookup'!$D$3:$E$150,2,false)) -> TRUE | BG81: =if(isna(vlookup(concatenate("ALL",BG$48,$C81),'Preference Lookup'!$D$3:$E$150,2,false)),false,vlookup(concatenate("ALL",BG$48,$C81),'Preference Lookup'!$D$3:$E$150,2,false)) -> FALSE
C83: Additional Email Standard Exclusions
H84: =H$48 -> Email | I84: =I$48 -> Push - Rewards App | J84: =J$48 -> Rewards App | K84: =K$48 | L84: =L$48
A85: 1 | C85: Non Engaged (Has not opened email in past 26 weeks) - deprecated | H85: FALSE | I85: FALSE | J85: FALSE | K85: FALSE | L85: FALSE | M85: FALSE | N85: FALSE | O85: FALSE | P85: FALSE | Q85: FALSE | R85: FALSE | S85: FALSE | T85: FALSE | U85: FALSE | V85: FALSE | W85: FALSE | X85: FALSE | Y85: FALSE | Z85: FALSE | AA85: FALSE | AB85: FALSE | AC85: FALSE | AD85: FALSE | AE85: FALSE | AF85: FALSE | AG85: FALSE | AH85: FALSE | AI85: FALSE | AJ85: FALSE | AK85: FALSE | AL85: FALSE | AM85: FALSE | AN85: FALSE | AO85: FALSE | AP85: FALSE | AQ85: FALSE | AR85: FALSE | AS85: FALSE | AT85: FALSE | AU85: FALSE | AV85: FALSE | AW85: FALSE | AX85: FALSE | AY85: FALSE | AZ85: FALSE | BA85: FALSE | BB85: FALSE | BC85: FALSE
A86: =A85+1 -> 2 | C86: Non Email Marketable (eDM Autosuppression: Unsubbed from Email, Unsub from all EDR comms, Invalid e-mail address, Deceased, Under 16, Overseas, Competitor Email Domain, Test Emails, Shared Email with one of the accounts opted out of any banner, Shared Email associated with a deregistered card, Hard Bounce, Inbox Unsubscribe, Static Autosuppression List) | H86: TRUE | I86: FALSE | J86: FALSE | K86: FALSE | L86: FALSE | M86: FALSE | N86: FALSE | O86: FALSE | P86: FALSE | Q86: FALSE | R86: FALSE | S86: FALSE | T86: FALSE | U86: FALSE | V86: FALSE | W86: FALSE | X86: FALSE | Y86: FALSE | Z86: FALSE | AA86: FALSE | AB86: FALSE | AC86: FALSE | AD86: FALSE | AE86: FALSE | AF86: FALSE | AG86: FALSE | AH86: FALSE | AI86: FALSE | AJ86: FALSE | AK86: FALSE | AL86: FALSE | AM86: FALSE | AN86: FALSE | AO86: FALSE | AP86: FALSE | AQ86: FALSE | AR86: FALSE | AS86: FALSE | AT86: FALSE | AU86: FALSE | AV86: FALSE | AW86: FALSE | AX86: FALSE | AY86: FALSE | AZ86: FALSE | BA86: FALSE | BB86: FALSE | BC86: FALSE
A87: 3 | C87: Non Engaged (Has not clicked email in past 26 weeks) | H87: =if(isna(vlookup(concatenate("ALL",H$48,$C87),'Preference Lookup'!$D$3:$E$154,2,false)),false,vlookup(concatenate("ALL",H$48,$C87),'Preference Lookup'!$D$3:$E$154,2,false)) -> TRUE | I87: =if(isna(vlookup(concatenate("ALL",I$48,$C87),'Preference Lookup'!$D$3:$E$154,2,false)),false,vlookup(concatenate("ALL",I$48,$C87),'Preference Lookup'!$D$3:$E$154,2,false)) -> FALSE | J87: =if(isna(vlookup(concatenate("ALL",J$48,$C87),'Preference Lookup'!$D$3:$E$154,2,false)),false,vlookup(concatenate("ALL",J$48,$C87),'Preference Lookup'!$D$3:$E$154,2,false)) -> FALSE | K87: =if(isna(vlookup(concatenate("ALL",K$48,$C87),'Preference Lookup'!$D$3:$E$154,2,false)),false,vlookup(concatenate("ALL",K$48,$C87),'Preference Lookup'!$D$3:$E$154,2,false)) -> FALSE | L87: =if(isna(vlookup(concatenate("ALL",L$48,$C87),'Preference Lookup'!$D$3:$E$154,2,false)),false,vlookup(concatenate("ALL",L$48,$C87),'Preference Lookup'!$D$3:$E$154,2,false)) -> FALSE | M87: FALSE | N87: FALSE | O87: FALSE | P87: FALSE | Q87: FALSE | R87: FALSE | S87: FALSE | T87: FALSE | U87: FALSE | V87: FALSE | W87: FALSE | X87: FALSE | Y87: FALSE | Z87: FALSE | AA87: FALSE | AB87: FALSE | AC87: FALSE | AD87: FALSE | AE87: FALSE | AF87: FALSE | AG87: FALSE | AH87: FALSE | AI87: FALSE | AJ87: FALSE | AK87: FALSE | AL87: FALSE | AM87: FALSE | AN87: FALSE | AO87: FALSE | AP87: FALSE | AQ87: FALSE | AR87: FALSE | AS87: FALSE | AT87: FALSE | AU87: FALSE | AV87: FALSE | AW87: FALSE | AX87: FALSE | AY87: FALSE | AZ87: FALSE | BA87: FALSE | BB87: FALSE | BC87: FALSE
C89: Additional SMS Standard Exclusions
H90: =H$48 -> Email | I90: =I$48 -> Push - Rewards App | J90: =J$48 -> Rewards App | L90: =L$48
A91: 1 | C91: Mobile Number is Missing or Invalid | H91: FALSE | I91: FALSE | J91: FALSE | K91: FALSE | L91: FALSE | M91: FALSE | N91: FALSE | O91: FALSE | P91: FALSE | Q91: FALSE | R91: FALSE | S91: FALSE | T91: FALSE | U91: FALSE | V91: FALSE | W91: FALSE | X91: FALSE | Y91: FALSE | Z91: FALSE | AA91: FALSE | AB91: FALSE | AC91: FALSE | AD91: FALSE | AE91: FALSE | AF91: FALSE | AG91: FALSE | AH91: FALSE | AI91: FALSE | AJ91: FALSE | AK91: FALSE | AL91: FALSE | AM91: FALSE | AN91: FALSE | AO91: FALSE | AP91: FALSE | AQ91: FALSE | AR91: FALSE | AS91: FALSE | AT91: FALSE | AU91: FALSE | AV91: FALSE | AW91: FALSE | AX91: FALSE | AY91: FALSE | AZ91: FALSE | BA91: FALSE | BB91: FALSE | BC91: FALSE
A92: =A91+1 -> 2 | C92: Oversea Mobile Number | H92: FALSE | I92: FALSE | J92: FALSE | K92: FALSE | L92: FALSE | M92: FALSE | N92: FALSE | O92: FALSE | P92: FALSE | Q92: FALSE | R92: FALSE | S92: FALSE | T92: FALSE | U92: FALSE | V92: FALSE | W92: FALSE | X92: FALSE | Y92: FALSE | Z92: FALSE | AA92: FALSE | AB92: FALSE | AC92: FALSE | AD92: FALSE | AE92: FALSE | AF92: FALSE | AG92: FALSE | AH92: FALSE | AI92: FALSE | AJ92: FALSE | AK92: FALSE | AL92: FALSE | AM92: FALSE | AN92: FALSE | AO92: FALSE | AP92: FALSE | AQ92: FALSE | AR92: FALSE | AS92: FALSE | AT92: FALSE | AU92: FALSE | AV92: FALSE | AW92: FALSE | AX92: FALSE | AY92: FALSE | AZ92: FALSE | BA92: FALSE | BB92: FALSE | BC92: FALSE
A93: =A92+1 -> 3 | C93: Mobile Number is Shared | H93: FALSE | I93: FALSE | J93: FALSE | K93: FALSE | L93: FALSE | M93: FALSE | N93: FALSE | O93: FALSE | P93: FALSE | Q93: FALSE | R93: FALSE | S93: FALSE | T93: FALSE | U93: FALSE | V93: FALSE | W93: FALSE | X93: FALSE | Y93: FALSE | Z93: FALSE | AA93: FALSE | AB93: FALSE | AC93: FALSE | AD93: FALSE | AE93: FALSE | AF93: FALSE | AG93: FALSE | AH93: FALSE | AI93: FALSE | AJ93: FALSE | AK93: FALSE | AL93: FALSE | AM93: FALSE | AN93: FALSE | AO93: FALSE | AP93: FALSE | AQ93: FALSE | AR93: FALSE | AS93: FALSE | AT93: FALSE | AU93: FALSE | AV93: FALSE | AW93: FALSE | AX93: FALSE | AY93: FALSE | AZ93: FALSE | BA93: FALSE | BB93: FALSE | BC93: FALSE
C95: Project/List Exclusions
H96: =H$48 -> Email | I96: =I$48 -> Push - Rewards App | J96: =J$48 -> Rewards App | L96: =L$48
A97: 1 | C97: Triple M | H97: FALSE | I97: FALSE | J97: FALSE | K97: FALSE | L97: FALSE | M97: FALSE | N97: FALSE | O97: FALSE | P97: FALSE | Q97: FALSE | R97: FALSE | S97: FALSE | T97: FALSE | U97: FALSE | V97: FALSE | W97: FALSE | X97: FALSE | Y97: FALSE | Z97: FALSE | AA97: FALSE | AB97: FALSE | AC97: FALSE | AD97: FALSE | AE97: FALSE | AF97: FALSE | AG97: FALSE | AH97: FALSE | AI97: FALSE | AJ97: FALSE | AK97: FALSE | AL97: FALSE | AM97: FALSE | AN97: FALSE | AO97: FALSE | AP97: FALSE | AQ97: FALSE | AR97: FALSE | AS97: FALSE | AT97: FALSE | AU97: FALSE | AV97: FALSE | AW97: FALSE | AX97: FALSE | AY97: FALSE | AZ97: FALSE | BA97: FALSE | BB97: FALSE | BC97: FALSE
A98: 2 | C98: Other, please specify: | F98: [Enter here] | H98: FALSE | I98: FALSE | J98: FALSE | K98: FALSE | L98: FALSE | M98: FALSE | N98: FALSE | O98: FALSE | P98: FALSE | Q98: FALSE | R98: FALSE | S98: FALSE | T98: FALSE | U98: FALSE | V98: FALSE | W98: FALSE | X98: FALSE | Y98: FALSE | Z98: FALSE | AA98: FALSE | AB98: FALSE | AC98: FALSE | AD98: FALSE | AE98: FALSE | AF98: FALSE | AG98: FALSE | AH98: FALSE | AI98: FALSE | AJ98: FALSE | AK98: FALSE | AL98: FALSE | AM98: FALSE | AN98: FALSE | AO98: FALSE | AP98: FALSE | AQ98: FALSE | AR98: FALSE | AS98: FALSE | AT98: FALSE | AU98: FALSE | AV98: FALSE | AW98: FALSE | AX98: FALSE | AY98: FALSE | AZ98: FALSE | BA98: FALSE | BB98: FALSE | BC98: FALSE
C100: Campaign Code Exclusions + Notes - list campaign codes here to exclude T+C eg CVM0056 last three excutions starting on date DD-MM-YYYY
A101: 1
A102: =A101+1 -> 2
A103: =A102+1 -> 3
A104: =A103+1 -> 4
A105: =A104+1 -> 5
C107: Campaign Selection Criteria
C108: Test Group (Mandatory for Digital Channels)
A109: 1 | B109: TRUE | C109: =HYPERLINK("https://docs.google.com/spreadsheets/d/1Ua7P3R1P2QOKt7GLgi8PL3CBwpLonx3cTDT2pV9QdOQ/edit?ts=5eaf7985#gid=0","Production Test Accounts") -> Production Test Accounts
C111: Test Cards (Optional) - list here any additional cards to be forced into campaign for app testing
C112: Name | E112: CRN
C113: Carmen Murphy | D113: 9355160724206 | E113: 1100000000159419917
C114: Annjela Joseph | D114: 9355133451344 | E114: 3300000000006416237
C115: Ciara Willis | D115: 9355163651172 | E115: 3300000000010948381
C116: Kathia | D116: 9344773578726 | E116: 1100000000159508216
C117: Sam Dutta | D117: 9355160627538 | E117: 3300000000002259453
C118: Additional Audience (Add details there is any dependency to setup audience for this campaigns )
A119: 1 | B119: FALSE | C119: Modelling team will provide scored audience : gcp-wow-rwds-ai-data-prod.loyalty_data_science.cw_caltex_churn_campaign_input
A120: 2 | B120: FALSE | C120: Influencers
A121: =A120+1 -> 3 | B121: FALSE
A122: =A121+1 -> 4 | B122: FALSE
...

Sheet Sheet24

Sheet Backup of Everyday RewardsFSC D
B6: Instructions:
B7: Make a copy: [Campaign Code] - [Campaign Description] - Data Brief
C11: 3.0 Data - Brief Form: Everyday Rewards OR Frequent Shoppers Club (FSC) Customer Base
A13: [SEQ]
C14: Campaign Set Up
A15: 1 | C15: Campaign Code | F15: cvm-9999
A16: =A15+1 -> 2 | C16: Campaign Stream (Auto) | F16: =LOWER(left($F$15,3)) -> cvm
A17: =A16+1 -> 3 | C17: Campaign Subscription (Unsub Link) | F17: =if(isna(vlookup(concatenate("ALLUnsub Parameter",Menu!A5),'Preference Lookup'!D155:E162,2,false)),"",vlookup(concatenate("ALLUnsub Parameter",Menu!A5),'Preference Lookup'!D155:E162,2,false)) -> #REF! | H17: =if(isna(vlookup(concatenate("ALLUnsub Parameter",Menu!A5),'Preference Lookup'!D155:E162,2,false)),"",vlookup(concatenate("ALLUnsub Parameter",Menu!A5),'Preference Lookup'!D155:E162,2,false)) -> #REF!
A18: =A17+1 -> 4 | C18: =HYPERLINK("https://docs.google.com/spreadsheets/d/1XQaTYaKkzuTidSYCj1Sr0cqNyuLL8kdKhd630ztvOYI/edit#gid=1329109951","Campaign Name / Type") -> Campaign Name / Type | G18: https://docs.google.com/spreadsheets/d/1XQaTYaKkzuTidSYCj1Sr0cqNyuLL8kdKhd630ztvOYI/edit#gid=1329109951
A19: =A18+1 -> 5 | C19: Campaign Description | F19: [enter]
A20: =A19+1 -> 6 | C20: Campaign Manager | F20: [enter]
A21: =A20+1 -> 7 | C21: Campaign Manager Email | F21: [enter]
A22: =A21+1 -> 8 | C22: Campaign Start Date | F22: 44000 | G22: =F22 -> 44000
A23: =A22+1 -> 9 | C23: Campaign End Date | F23: 44028 | G23: =F23 -> 44028
A24: =A23+1 -> 10 | C24: Campaign Duration (Sanity Check) | F24: =CONCATENATE(sum(F23-F22)," day(s)") -> 28 day(s)
A25: =A24+1 -> 11 | C25: Sales Channel Type | F25: Both
A26: =A25+1 -> 12 | C26: Activation Type | F26: Single [S] | G26: https://woolworthslimited.atlassian.net/wiki/spaces/CDD/pages/230424655/Offer+Attachment
A27: =A26+1 -> 13 | C27: Redemption Limit | F27: 1
A28: =A27+1 -> 14 | C28: Offer Length Days | F28: 1 | G28: https://woolworthslimited.atlassian.net/wiki/spaces/CDD/pages/230424655/Offer+Attachment
A29: 15 | C29: Fake Activation | F29: TRUE | G29: Required for Virtual Offers (VO) or testing purposes.
A30: =A29+1 -> 16 | C30: User Activation | F30: TRUE | G30: Required for campaigns where customers need to activate their offers. Also required for Virtual Offers.
A31: =A30+1 -> 17 | C31: Pre-Activation | F31: FALSE | G31: Generally used for ATL campaigns or when customers do not need to activate offers
A32: 18 | C32: Monitor Transactions (VO Only) | F32: FALSE
A33: 19 | C33: Generate Control Group | F33: FALSE | G33: Required for campaigns that measures incremental sales or modelling
A34: 20 | C34: Generate Promotion Codes | F34: FALSE
A35: =A34+1 -> 21 | C35: Link to Precount JIRA | F35: [enter]
A36: =A35+1 -> 22 | C36: Other
C38: Analysis and Files
C39: Select Output Requirements
A40: 1 | C40: Waterfall Counts | F40: TRUE
A41: =A40+1 -> 2 | C41: Offer Summary | F41: TRUE
A42: =A41+1 -> 3 | C42: Sample Data File (SDF) | F42: TRUE
A43: =A42+1 -> 4 | C43: OUT02 Sample File | F43: TRUE | G43: "OUT02" is the name of the data pipeline we use for offer attachment.
A44: =A43+1 -> 5 | C44: Support Portal File | F44: FALSE
C46: Target Audience Selection
C47: Business Area
A48: 1 | C48: Everyday Rewards | F48: TRUE
C50: Business Area Subscriptions (from website)
H51: Email | I51: Rewards App | M51: =H51 -> Email | N51: =I51 -> Rewards App | O51: =J51 | P51: =K51 | Q51: =L51
A53: 1 | C53: Unsubscribe from all Everyday Rewards communications | H53: =if(isna(vlookup(concatenate("ALL",H$51,$C53),'Preference Lookup'!$D$3:$E$150,2,false)),".",vlookup(concatenate("ALL",H$51,$C53),'Preference Lookup'!$D$3:$E$150,2,false)) -> Ex Optout | I53: =if(isna(vlookup(concatenate("ALL",I$51,$C53),'Preference Lookup'!$D$3:$E$150,2,false)),".",vlookup(concatenate("ALL",I$51,$C53),'Preference Lookup'!$D$3:$E$150,2,false)) -> Inc All | J53: =if(isna(vlookup(concatenate("ALL",J$51,$C53),'Preference Lookup'!$D$3:$E$150,2,false)),".",vlookup(concatenate("ALL",J$51,$C53),'Preference Lookup'!$D$3:$E$150,2,false)) -> . | L53: . | M53: =if(isna(vlookup(concatenate("ALL",M$51,$C53),'Preference Lookup'!$D$3:$E$150,2,false)),".",vlookup(concatenate("ALL",M$51,$C53),'Preference Lookup'!$D$3:$E$150,2,false)) -> Ex Optout | N53: =if(isna(vlookup(concatenate("ALL",N$51,$C53),'Preference Lookup'!$D$3:$E$150,2,false)),".",vlookup(concatenate("ALL",N$51,$C53),'Preference Lookup'!$D$3:$E$150,2,false)) -> Inc All | O53: =if(isna(vlookup(concatenate("ALL",O$51,$C53),'Preference Lookup'!$D$3:$E$150,2,false)),".",vlookup(concatenate("ALL",O$51,$C53),'Preference Lookup'!$D$3:$E$150,2,false)) -> . | P53: .
A54: =A53+1 -> 2 | C54: Exclusive offers and promotions | H54: =if(isna(vlookup(concatenate("ALL",H$51,$C54),'Preference Lookup'!$D$3:$E$150,2,false)),".",vlookup(concatenate("ALL",H$51,$C54),'Preference Lookup'!$D$3:$E$150,2,false)) -> Ex Optout | I54: =if(isna(vlookup(concatenate("ALL",I$51,$C54),'Preference Lookup'!$D$3:$E$150,2,false)),".",vlookup(concatenate("ALL",I$51,$C54),'Preference Lookup'!$D$3:$E$150,2,false)) -> Inc All | J54: =if(isna(vlookup(concatenate("ALL",J$51,$C54),'Preference Lookup'!$D$3:$E$150,2,false)),".",vlookup(concatenate("ALL",J$51,$C54),'Preference Lookup'!$D$3:$E$150,2,false)) -> . | L54: . | M54: =if(isna(vlookup(concatenate("ALL",M$51,$C54),'Preference Lookup'!$D$3:$E$150,2,false)),".",vlookup(concatenate("ALL",M$51,$C54),'Preference Lookup'!$D$3:$E$150,2,false)) -> Ex Optout | N54: =if(isna(vlookup(concatenate("ALL",N$51,$C54),'Preference Lookup'!$D$3:$E$150,2,false)),".",vlookup(concatenate("ALL",N$51,$C54),'Preference Lookup'!$D$3:$E$150,2,false)) -> Inc All | O54: =if(isna(vlookup(concatenate("ALL",O$51,$C54),'Preference Lookup'!$D$3:$E$150,2,false)),".",vlookup(concatenate("ALL",O$51,$C54),'Preference Lookup'!$D$3:$E$150,2,false)) -> . | P54: .
A55: =A54+1 -> 3 | C55: BWS | H55: =if(isna(vlookup(concatenate("ALL",H$51,$C55),'Preference Lookup'!$D$3:$E$150,2,false)),".",vlookup(concatenate("ALL",H$51,$C55),'Preference Lookup'!$D$3:$E$150,2,false)) -> Ex Optout | I55: =if(isna(vlookup(concatenate("ALL",I$51,$C55),'Preference Lookup'!$D$3:$E$150,2,false)),".",vlookup(concatenate("ALL",I$51,$C55),'Preference Lookup'!$D$3:$E$150,2,false)) -> Inc All | J55: =if(isna(vlookup(concatenate("ALL",J$51,$C55),'Preference Lookup'!$D$3:$E$150,2,false)),".",vlookup(concatenate("ALL",J$51,$C55),'Preference Lookup'!$D$3:$E$150,2,false)) -> . | L55: . | M55: =if(isna(vlookup(concatenate("ALL",M$51,$C55),'Preference Lookup'!$D$3:$E$150,2,false)),".",vlookup(concatenate("ALL",M$51,$C55),'Preference Lookup'!$D$3:$E$150,2,false)) -> Ex Optout | N55: =if(isna(vlookup(concatenate("ALL",N$51,$C55),'Preference Lookup'!$D$3:$E$150,2,false)),".",vlookup(concatenate("ALL",N$51,$C55),'Preference Lookup'!$D$3:$E$150,2,false)) -> Inc All | O55: =if(isna(vlookup(concatenate("ALL",O$51,$C55),'Preference Lookup'!$D$3:$E$150,2,false)),".",vlookup(concatenate("ALL",O$51,$C55),'Preference Lookup'!$D$3:$E$150,2,false)) -> . | P55: .
A56: =A55+1 -> 4 | C56: No liquor offers and promotions | H56: =if(isna(vlookup(concatenate("ALL",H$51,$C56),'Preference Lookup'!$D$3:$E$150,2,false)),".",vlookup(concatenate("ALL",H$51,$C56),'Preference Lookup'!$D$3:$E$150,2,false)) -> . | I56: =if(isna(vlookup(concatenate("ALL",I$51,$C56),'Preference Lookup'!$D$3:$E$150,2,false)),".",vlookup(concatenate("ALL",I$51,$C56),'Preference Lookup'!$D$3:$E$150,2,false)) -> . | J56: =if(isna(vlookup(concatenate("ALL",J$51,$C56),'Preference Lookup'!$D$3:$E$150,2,false)),".",vlookup(concatenate("ALL",J$51,$C56),'Preference Lookup'!$D$3:$E$150,2,false)) -> . | L56: . | M56: =if(isna(vlookup(concatenate("ALL",M$51,$C56),'Preference Lookup'!$D$3:$E$150,2,false)),".",vlookup(concatenate("ALL",M$51,$C56),'Preference Lookup'!$D$3:$E$150,2,false)) -> . | N56: =if(isna(vlookup(concatenate("ALL",N$51,$C56),'Preference Lookup'!$D$3:$E$150,2,false)),".",vlookup(concatenate("ALL",N$51,$C56),'Preference Lookup'!$D$3:$E$150,2,false)) -> . | O56: =if(isna(vlookup(concatenate("ALL",O$51,$C56),'Preference Lookup'!$D$3:$E$150,2,false)),".",vlookup(concatenate("ALL",O$51,$C56),'Preference Lookup'!$D$3:$E$150,2,false)) -> . | P56: .
A57: =A56+1 -> 5 | H57: =if(isna(vlookup(concatenate("ALL",H$51,$C57),'Preference Lookup'!$D$3:$E$150,2,false)),".",vlookup(concatenate("ALL",H$51,$C57),'Preference Lookup'!$D$3:$E$150,2,false)) -> . | I57: =if(isna(vlookup(concatenate("ALL",I$51,$C57),'Preference Lookup'!$D$3:$E$150,2,false)),".",vlookup(concatenate("ALL",I$51,$C57),'Preference Lookup'!$D$3:$E$150,2,false)) -> . | J57: =if(isna(vlookup(concatenate("ALL",J$51,$C57),'Preference Lookup'!$D$3:$E$150,2,false)),".",vlookup(concatenate("ALL",J$51,$C57),'Preference Lookup'!$D$3:$E$150,2,false)) -> . | L57: . | M57: =if(isna(vlookup(concatenate("ALL",M$51,$C57),'Preference Lookup'!$D$3:$E$150,2,false)),".",vlookup(concatenate("ALL",M$51,$C57),'Preference Lookup'!$D$3:$E$150,2,false)) -> . | N57: =if(isna(vlookup(concatenate("ALL",N$51,$C57),'Preference Lookup'!$D$3:$E$150,2,false)),".",vlookup(concatenate("ALL",N$51,$C57),'Preference Lookup'!$D$3:$E$150,2,false)) -> . | O57: =if(isna(vlookup(concatenate("ALL",O$51,$C57),'Preference Lookup'!$D$3:$E$150,2,false)),".",vlookup(concatenate("ALL",O$51,$C57),'Preference Lookup'!$D$3:$E$150,2,false)) -> . | P57: .
A58: =A57+1 -> 6 | H58: =if(isna(vlookup(concatenate("ALL",H$51,$C58),'Preference Lookup'!$D$3:$E$150,2,false)),".",vlookup(concatenate("ALL",H$51,$C58),'Preference Lookup'!$D$3:$E$150,2,false)) -> . | I58: =if(isna(vlookup(concatenate("ALL",I$51,$C58),'Preference Lookup'!$D$3:$E$150,2,false)),".",vlookup(concatenate("ALL",I$51,$C58),'Preference Lookup'!$D$3:$E$150,2,false)) -> . | J58: =if(isna(vlookup(concatenate("ALL",J$51,$C58),'Preference Lookup'!$D$3:$E$150,2,false)),".",vlookup(concatenate("ALL",J$51,$C58),'Preference Lookup'!$D$3:$E$150,2,false)) -> . | L58: . | M58: =if(isna(vlookup(concatenate("ALL",M$51,$C58),'Preference Lookup'!$D$3:$E$150,2,false)),".",vlookup(concatenate("ALL",M$51,$C58),'Preference Lookup'!$D$3:$E$150,2,false)) -> . | N58: =if(isna(vlookup(concatenate("ALL",N$51,$C58),'Preference Lookup'!$D$3:$E$150,2,false)),".",vlookup(concatenate("ALL",N$51,$C58),'Preference Lookup'!$D$3:$E$150,2,false)) -> . | O58: =if(isna(vlookup(concatenate("ALL",O$51,$C58),'Preference Lookup'!$D$3:$E$150,2,false)),".",vlookup(concatenate("ALL",O$51,$C58),'Preference Lookup'!$D$3:$E$150,2,false)) -> . | P58: .
A59: =A58+1 -> 7 | H59: =if(isna(vlookup(concatenate("ALL",H$51,$C59),'Preference Lookup'!$D$3:$E$150,2,false)),".",vlookup(concatenate("ALL",H$51,$C59),'Preference Lookup'!$D$3:$E$150,2,false)) -> . | I59: =if(isna(vlookup(concatenate("ALL",I$51,$C59),'Preference Lookup'!$D$3:$E$150,2,false)),".",vlookup(concatenate("ALL",I$51,$C59),'Preference Lookup'!$D$3:$E$150,2,false)) -> . | J59: =if(isna(vlookup(concatenate("ALL",J$51,$C59),'Preference Lookup'!$D$3:$E$150,2,false)),".",vlookup(concatenate("ALL",J$51,$C59),'Preference Lookup'!$D$3:$E$150,2,false)) -> . | L59: . | M59: =if(isna(vlookup(concatenate("ALL",M$51,$C59),'Preference Lookup'!$D$3:$E$150,2,false)),".",vlookup(concatenate("ALL",M$51,$C59),'Preference Lookup'!$D$3:$E$150,2,false)) -> . | N59: =if(isna(vlookup(concatenate("ALL",N$51,$C59),'Preference Lookup'!$D$3:$E$150,2,false)),".",vlookup(concatenate("ALL",N$51,$C59),'Preference Lookup'!$D$3:$E$150,2,false)) -> . | O59: =if(isna(vlookup(concatenate("ALL",O$51,$C59),'Preference Lookup'!$D$3:$E$150,2,false)),".",vlookup(concatenate("ALL",O$51,$C59),'Preference Lookup'!$D$3:$E$150,2,false)) -> . | P59: .
A60: =A59+1 -> 8 | H60: =if(isna(vlookup(concatenate("ALL",H$51,$C60),'Preference Lookup'!$D$3:$E$150,2,false)),".",vlookup(concatenate("ALL",H$51,$C60),'Preference Lookup'!$D$3:$E$150,2,false)) -> . | I60: =if(isna(vlookup(concatenate("ALL",I$51,$C60),'Preference Lookup'!$D$3:$E$150,2,false)),".",vlookup(concatenate("ALL",I$51,$C60),'Preference Lookup'!$D$3:$E$150,2,false)) -> . | J60: =if(isna(vlookup(concatenate("ALL",J$51,$C60),'Preference Lookup'!$D$3:$E$150,2,false)),".",vlookup(concatenate("ALL",J$51,$C60),'Preference Lookup'!$D$3:$E$150,2,false)) -> . | M60: =if(isna(vlookup(concatenate("ALL",M$51,$C60),'Preference Lookup'!$D$3:$E$150,2,false)),".",vlookup(concatenate("ALL",M$51,$C60),'Preference Lookup'!$D$3:$E$150,2,false)) -> . | N60: =if(isna(vlookup(concatenate("ALL",N$51,$C60),'Preference Lookup'!$D$3:$E$150,2,false)),".",vlookup(concatenate("ALL",N$51,$C60),'Preference Lookup'!$D$3:$E$150,2,false)) -> . | O60: =if(isna(vlookup(concatenate("ALL",O$51,$C60),'Preference Lookup'!$D$3:$E$150,2,false)),".",vlookup(concatenate("ALL",O$51,$C60),'Preference Lookup'!$D$3:$E$150,2,false)) -> .
C62: Channel Specific Subscriptions
A63: 1 | C63: Contact preference (website) - email | H63: =if(isna(vlookup(concatenate("ALL",H$51,$C63),'Preference Lookup'!$D$3:$E$150,2,false)),".",vlookup(concatenate("ALL",H$51,$C63),'Preference Lookup'!$D$3:$E$150,2,false)) -> Ex Optout | I63: =if(isna(vlookup(concatenate("ALL",I$51,$C63),'Preference Lookup'!$D$3:$E$150,2,false)),".",vlookup(concatenate("ALL",I$51,$C63),'Preference Lookup'!$D$3:$E$150,2,false)) -> Inc All | J63: =if(isna(vlookup(concatenate("ALL",J$51,$C63),'Preference Lookup'!$D$3:$E$150,2,false)),".",vlookup(concatenate("ALL",J$51,$C63),'Preference Lookup'!$D$3:$E$150,2,false)) -> . | K63: . | L63: . | M63: =if(isna(vlookup(concatenate("ALL",M$51,$C63),'Preference Lookup'!$D$3:$E$150,2,false)),".",vlookup(concatenate("ALL",M$51,$C63),'Preference Lookup'!$D$3:$E$150,2,false)) -> Ex Optout | N63: =if(isna(vlookup(concatenate("ALL",N$51,$C63),'Preference Lookup'!$D$3:$E$150,2,false)),".",vlookup(concatenate("ALL",N$51,$C63),'Preference Lookup'!$D$3:$E$150,2,false)) -> Inc All | O63: =if(isna(vlookup(concatenate("ALL",O$51,$C63),'Preference Lookup'!$D$3:$E$150,2,false)),".",vlookup(concatenate("ALL",O$51,$C63),'Preference Lookup'!$D$3:$E$150,2,false)) -> . | P63: .
A64: =A63+1 -> 2 | C64: Contact preference (website) - mail | H64: =if(isna(vlookup(concatenate("ALL",H$51,$C64),'Preference Lookup'!$D$3:$E$150,2,false)),".",vlookup(concatenate("ALL",H$51,$C64),'Preference Lookup'!$D$3:$E$150,2,false)) -> . | I64: =if(isna(vlookup(concatenate("ALL",I$51,$C64),'Preference Lookup'!$D$3:$E$150,2,false)),".",vlookup(concatenate("ALL",I$51,$C64),'Preference Lookup'!$D$3:$E$150,2,false)) -> . | J64: =if(isna(vlookup(concatenate("ALL",J$51,$C64),'Preference Lookup'!$D$3:$E$150,2,false)),".",vlookup(concatenate("ALL",J$51,$C64),'Preference Lookup'!$D$3:$E$150,2,false)) -> . | K64: . | L64: . | M64: =if(isna(vlookup(concatenate("ALL",M$51,$C64),'Preference Lookup'!$D$3:$E$150,2,false)),".",vlookup(concatenate("ALL",M$51,$C64),'Preference Lookup'!$D$3:$E$150,2,false)) -> . | N64: =if(isna(vlookup(concatenate("ALL",N$51,$C64),'Preference Lookup'!$D$3:$E$150,2,false)),".",vlookup(concatenate("ALL",N$51,$C64),'Preference Lookup'!$D$3:$E$150,2,false)) -> . | O64: =if(isna(vlookup(concatenate("ALL",O$51,$C64),'Preference Lookup'!$D$3:$E$150,2,false)),".",vlookup(concatenate("ALL",O$51,$C64),'Preference Lookup'!$D$3:$E$150,2,false)) -> . | P64: .
A65: =A64+1 -> 3 | C65: Contact preference (website) - SMS | H65: =if(isna(vlookup(concatenate("ALL",H$51,$C65),'Preference Lookup'!$D$3:$E$150,2,false)),".",vlookup(concatenate("ALL",H$51,$C65),'Preference Lookup'!$D$3:$E$150,2,false)) -> . | I65: =if(isna(vlookup(concatenate("ALL",I$51,$C65),'Preference Lookup'!$D$3:$E$150,2,false)),".",vlookup(concatenate("ALL",I$51,$C65),'Preference Lookup'!$D$3:$E$150,2,false)) -> . | J65: =if(isna(vlookup(concatenate("ALL",J$51,$C65),'Preference Lookup'!$D$3:$E$150,2,false)),".",vlookup(concatenate("ALL",J$51,$C65),'Preference Lookup'!$D$3:$E$150,2,false)) -> . | K65: . | L65: . | M65: =if(isna(vlookup(concatenate("ALL",M$51,$C65),'Preference Lookup'!$D$3:$E$150,2,false)),".",vlookup(concatenate("ALL",M$51,$C65),'Preference Lookup'!$D$3:$E$150,2,false)) -> . | N65: =if(isna(vlookup(concatenate("ALL",N$51,$C65),'Preference Lookup'!$D$3:$E$150,2,false)),".",vlookup(concatenate("ALL",N$51,$C65),'Preference Lookup'!$D$3:$E$150,2,false)) -> . | O65: =if(isna(vlookup(concatenate("ALL",O$51,$C65),'Preference Lookup'!$D$3:$E$150,2,false)),".",vlookup(concatenate("ALL",O$51,$C65),'Preference Lookup'!$D$3:$E$150,2,false)) -> . | P65: .
A66: =A65+1 -> 4 | C66: Contact preference (website) - browser Cookies | H66: =if(isna(vlookup(concatenate("ALL",H$51,$C66),'Preference Lookup'!$D$3:$E$150,2,false)),".",vlookup(concatenate("ALL",H$51,$C66),'Preference Lookup'!$D$3:$E$150,2,false)) -> . | I66: =if(isna(vlookup(concatenate("ALL",I$51,$C66),'Preference Lookup'!$D$3:$E$150,2,false)),".",vlookup(concatenate("ALL",I$51,$C66),'Preference Lookup'!$D$3:$E$150,2,false)) -> . | J66: =if(isna(vlookup(concatenate("ALL",J$51,$C66),'Preference Lookup'!$D$3:$E$150,2,false)),".",vlookup(concatenate("ALL",J$51,$C66),'Preference Lookup'!$D$3:$E$150,2,false)) -> . | K66: . | L66: . | M66: =if(isna(vlookup(concatenate("ALL",M$51,$C66),'Preference Lookup'!$D$3:$E$150,2,false)),".",vlookup(concatenate("ALL",M$51,$C66),'Preference Lookup'!$D$3:$E$150,2,false)) -> . | N66: =if(isna(vlookup(concatenate("ALL",N$51,$C66),'Preference Lookup'!$D$3:$E$150,2,false)),".",vlookup(concatenate("ALL",N$51,$C66),'Preference Lookup'!$D$3:$E$150,2,false)) -> . | O66: =if(isna(vlookup(concatenate("ALL",O$51,$C66),'Preference Lookup'!$D$3:$E$150,2,false)),".",vlookup(concatenate("ALL",O$51,$C66),'Preference Lookup'!$D$3:$E$150,2,false)) -> . | P66: .
C68: Exclusions (data specific)
H69: =H$51 -> Email | I69: =I$51 -> Rewards App | J69: =J$51 | M69: =M$51 -> Email | N69: =N$51 -> Rewards App | O69: =O$51
C70: Global Exclusions
A71: 1 | C71: Cancelled Woolworths Reward Card | H71: =if(isna(vlookup(concatenate("ALL",H$51,$C71),'Preference Lookup'!$D$3:$E$150,2,false)),false,vlookup(concatenate("ALL",H$51,$C71),'Preference Lookup'!$D$3:$E$150,2,false)) -> TRUE | I71: =if(isna(vlookup(concatenate("ALL",I$51,$C71),'Preference Lookup'!$D$3:$E$150,2,false)),false,vlookup(concatenate("ALL",I$51,$C71),'Preference Lookup'!$D$3:$E$150,2,false)) -> TRUE | J71: =if(isna(vlookup(concatenate("ALL",J$51,$C71),'Preference Lookup'!$D$3:$E$150,2,false)),false,vlookup(concatenate("ALL",J$51,$C71),'Preference Lookup'!$D$3:$E$150,2,false)) -> FALSE | K71: =if(isna(vlookup(concatenate("ALL",K$51,$C71),'Preference Lookup'!$D$3:$E$150,2,false)),false,vlookup(concatenate("ALL",K$51,$C71),'Preference Lookup'!$D$3:$E$150,2,false)) -> FALSE | L71: =if(isna(vlookup(concatenate("ALL",L$51,$C71),'Preference Lookup'!$D$3:$E$150,2,false)),false,vlookup(concatenate("ALL",L$51,$C71),'Preference Lookup'!$D$3:$E$150,2,false)) -> FALSE | M71: =if(isna(vlookup(concatenate("ALL",M$51,$C71),'Preference Lookup'!$D$3:$E$150,2,false)),false,vlookup(concatenate("ALL",M$51,$C71),'Preference Lookup'!$D$3:$E$150,2,false)) -> TRUE | N71: =if(isna(vlookup(concatenate("ALL",N$51,$C71),'Preference Lookup'!$D$3:$E$150,2,false)),false,vlookup(concatenate("ALL",N$51,$C71),'Preference Lookup'!$D$3:$E$150,2,false)) -> TRUE | O71: =if(isna(vlookup(concatenate("ALL",O$51,$C71),'Preference Lookup'!$D$3:$E$150,2,false)),false,vlookup(concatenate("ALL",O$51,$C71),'Preference Lookup'!$D$3:$E$150,2,false)) -> FALSE | ... Q71: =if(isna(vlookup(concatenate("ALL",Q$51,$C71),'Preference Lookup'!$D$3:$E$150,2,false)),false,vlookup(concatenate("ALL",Q$51,$C71),'Preference Lookup'!$D$3:$E$150,2,false)) -> FALSE
A72: 2 | C72: Deceased | H72: =if(isna(vlookup(concatenate("ALL",H$51,$C72),'Preference Lookup'!$D$3:$E$150,2,false)),false,vlookup(concatenate("ALL",H$51,$C72),'Preference Lookup'!$D$3:$E$150,2,false)) -> TRUE | I72: =if(isna(vlookup(concatenate("ALL",I$51,$C72),'Preference Lookup'!$D$3:$E$150,2,false)),false,vlookup(concatenate("ALL",I$51,$C72),'Preference Lookup'!$D$3:$E$150,2,false)) -> TRUE | J72: =if(isna(vlookup(concatenate("ALL",J$51,$C72),'Preference Lookup'!$D$3:$E$150,2,false)),false,vlookup(concatenate("ALL",J$51,$C72),'Preference Lookup'!$D$3:$E$150,2,false)) -> FALSE | K72: =if(isna(vlookup(concatenate("ALL",K$51,$C72),'Preference Lookup'!$D$3:$E$150,2,false)),false,vlookup(concatenate("ALL",K$51,$C72),'Preference Lookup'!$D$3:$E$150,2,false)) -> FALSE | L72: =if(isna(vlookup(concatenate("ALL",L$51,$C72),'Preference Lookup'!$D$3:$E$150,2,false)),false,vlookup(concatenate("ALL",L$51,$C72),'Preference Lookup'!$D$3:$E$150,2,false)) -> FALSE | M72: =if(isna(vlookup(concatenate("ALL",M$51,$C72),'Preference Lookup'!$D$3:$E$150,2,false)),false,vlookup(concatenate("ALL",M$51,$C72),'Preference Lookup'!$D$3:$E$150,2,false)) -> TRUE | N72: =if(isna(vlookup(concatenate("ALL",N$51,$C72),'Preference Lookup'!$D$3:$E$150,2,false)),false,vlookup(concatenate("ALL",N$51,$C72),'Preference Lookup'!$D$3:$E$150,2,false)) -> TRUE | O72: =if(isna(vlookup(concatenate("ALL",O$51,$C72),'Preference Lookup'!$D$3:$E$150,2,false)),false,vlookup(concatenate("ALL",O$51,$C72),'Preference Lookup'!$D$3:$E$150,2,false)) -> FALSE | ... Q72: =if(isna(vlookup(concatenate("ALL",Q$51,$C72),'Preference Lookup'!$D$3:$E$150,2,false)),false,vlookup(concatenate("ALL",Q$51,$C72),'Preference Lookup'!$D$3:$E$150,2,false)) -> FALSE
A73: =A72+1 -> 3 | C73: Age < 16 years | H73: =if(isna(vlookup(concatenate("ALL",H$51,$C73),'Preference Lookup'!$D$3:$E$150,2,false)),false,vlookup(concatenate("ALL",H$51,$C73),'Preference Lookup'!$D$3:$E$150,2,false)) -> TRUE | I73: =if(isna(vlookup(concatenate("ALL",I$51,$C73),'Preference Lookup'!$D$3:$E$150,2,false)),false,vlookup(concatenate("ALL",I$51,$C73),'Preference Lookup'!$D$3:$E$150,2,false)) -> TRUE | J73: =if(isna(vlookup(concatenate("ALL",J$51,$C73),'Preference Lookup'!$D$3:$E$150,2,false)),false,vlookup(concatenate("ALL",J$51,$C73),'Preference Lookup'!$D$3:$E$150,2,false)) -> FALSE | K73: =if(isna(vlookup(concatenate("ALL",K$51,$C73),'Preference Lookup'!$D$3:$E$150,2,false)),false,vlookup(concatenate("ALL",K$51,$C73),'Preference Lookup'!$D$3:$E$150,2,false)) -> FALSE | L73: =if(isna(vlookup(concatenate("ALL",L$51,$C73),'Preference Lookup'!$D$3:$E$150,2,false)),false,vlookup(concatenate("ALL",L$51,$C73),'Preference Lookup'!$D$3:$E$150,2,false)) -> FALSE | M73: =if(isna(vlookup(concatenate("ALL",M$51,$C73),'Preference Lookup'!$D$3:$E$150,2,false)),false,vlookup(concatenate("ALL",M$51,$C73),'Preference Lookup'!$D$3:$E$150,2,false)) -> TRUE | N73: =if(isna(vlookup(concatenate("ALL",N$51,$C73),'Preference Lookup'!$D$3:$E$150,2,false)),false,vlookup(concatenate("ALL",N$51,$C73),'Preference Lookup'!$D$3:$E$150,2,false)) -> TRUE | O73: =if(isna(vlookup(concatenate("ALL",O$51,$C73),'Preference Lookup'!$D$3:$E$150,2,false)),false,vlookup(concatenate("ALL",O$51,$C73),'Preference Lookup'!$D$3:$E$150,2,false)) -> FALSE | ... Q73: =if(isna(vlookup(concatenate("ALL",Q$51,$C73),'Preference Lookup'!$D$3:$E$150,2,false)),false,vlookup(concatenate("ALL",Q$51,$C73),'Preference Lookup'!$D$3:$E$150,2,false)) -> FALSE
A74: =A73+1 -> 4 | C74: DC Universal Control Group | H74: =if(isna(vlookup(concatenate("ALL",H$51,$C74),'Preference Lookup'!$D$3:$E$150,2,false)),false,vlookup(concatenate("ALL",H$51,$C74),'Preference Lookup'!$D$3:$E$150,2,false)) -> TRUE | I74: =if(isna(vlookup(concatenate("ALL",I$51,$C74),'Preference Lookup'!$D$3:$E$150,2,false)),false,vlookup(concatenate("ALL",I$51,$C74),'Preference Lookup'!$D$3:$E$150,2,false)) -> FALSE | J74: =if(isna(vlookup(concatenate("ALL",J$51,$C74),'Preference Lookup'!$D$3:$E$150,2,false)),false,vlookup(concatenate("ALL",J$51,$C74),'Preference Lookup'!$D$3:$E$150,2,false)) -> FALSE | K74: =if(isna(vlookup(concatenate("ALL",K$51,$C74),'Preference Lookup'!$D$3:$E$150,2,false)),false,vlookup(concatenate("ALL",K$51,$C74),'Preference Lookup'!$D$3:$E$150,2,false)) -> FALSE | L74: =if(isna(vlookup(concatenate("ALL",L$51,$C74),'Preference Lookup'!$D$3:$E$150,2,false)),false,vlookup(concatenate("ALL",L$51,$C74),'Preference Lookup'!$D$3:$E$150,2,false)) -> FALSE | M74: =if(isna(vlookup(concatenate("ALL",M$51,$C74),'Preference Lookup'!$D$3:$E$150,2,false)),false,vlookup(concatenate("ALL",M$51,$C74),'Preference Lookup'!$D$3:$E$150,2,false)) -> TRUE | N74: =if(isna(vlookup(concatenate("ALL",N$51,$C74),'Preference Lookup'!$D$3:$E$150,2,false)),false,vlookup(concatenate("ALL",N$51,$C74),'Preference Lookup'!$D$3:$E$150,2,false)) -> FALSE | O74: =if(isna(vlookup(concatenate("ALL",O$51,$C74),'Preference Lookup'!$D$3:$E$150,2,false)),false,vlookup(concatenate("ALL",O$51,$C74),'Preference Lookup'!$D$3:$E$150,2,false)) -> FALSE | ... Q74: =if(isna(vlookup(concatenate("ALL",Q$51,$C74),'Preference Lookup'!$D$3:$E$150,2,false)),false,vlookup(concatenate("ALL",Q$51,$C74),'Preference Lookup'!$D$3:$E$150,2,false)) -> FALSE
A75: =A74+1 -> 5 | C75: Competitor Email (Add Domain here for Ref) | H75: =if(isna(vlookup(concatenate("ALL",H$51,$C75),'Preference Lookup'!$D$3:$E$150,2,false)),false,vlookup(concatenate("ALL",H$51,$C75),'Preference Lookup'!$D$3:$E$150,2,false)) -> TRUE | I75: =if(isna(vlookup(concatenate("ALL",I$51,$C75),'Preference Lookup'!$D$3:$E$150,2,false)),false,vlookup(concatenate("ALL",I$51,$C75),'Preference Lookup'!$D$3:$E$150,2,false)) -> FALSE | J75: =if(isna(vlookup(concatenate("ALL",J$51,$C75),'Preference Lookup'!$D$3:$E$150,2,false)),false,vlookup(concatenate("ALL",J$51,$C75),'Preference Lookup'!$D$3:$E$150,2,false)) -> FALSE | K75: =if(isna(vlookup(concatenate("ALL",K$51,$C75),'Preference Lookup'!$D$3:$E$150,2,false)),false,vlookup(concatenate("ALL",K$51,$C75),'Preference Lookup'!$D$3:$E$150,2,false)) -> FALSE | L75: =if(isna(vlookup(concatenate("ALL",L$51,$C75),'Preference Lookup'!$D$3:$E$150,2,false)),false,vlookup(concatenate("ALL",L$51,$C75),'Preference Lookup'!$D$3:$E$150,2,false)) -> FALSE | M75: =if(isna(vlookup(concatenate("ALL",M$51,$C75),'Preference Lookup'!$D$3:$E$150,2,false)),false,vlookup(concatenate("ALL",M$51,$C75),'Preference Lookup'!$D$3:$E$150,2,false)) -> TRUE | N75: =if(isna(vlookup(concatenate("ALL",N$51,$C75),'Preference Lookup'!$D$3:$E$150,2,false)),false,vlookup(concatenate("ALL",N$51,$C75),'Preference Lookup'!$D$3:$E$150,2,false)) -> FALSE | O75: =if(isna(vlookup(concatenate("ALL",O$51,$C75),'Preference Lookup'!$D$3:$E$150,2,false)),false,vlookup(concatenate("ALL",O$51,$C75),'Preference Lookup'!$D$3:$E$150,2,false)) -> FALSE | ... Q75: =if(isna(vlookup(concatenate("ALL",Q$51,$C75),'Preference Lookup'!$D$3:$E$150,2,false)),false,vlookup(concatenate("ALL",Q$51,$C75),'Preference Lookup'!$D$3:$E$150,2,false)) -> FALSE
C77: Standard Exclusions
H78: =H$51 -> Email | I78: =I$51 -> Rewards App | J78: =J$51 | L78: =L$51 | M78: =M$51 -> Email | N78: =N$51 -> Rewards App | O78: =O$51 | P78: =P$51
A79: 1 | C79: Age < 18 years | H79: =if(isna(vlookup(concatenate(Menu!$B$5,H$51,$C79),'Preference Lookup'!$D$3:$E$150,2,false)),false,vlookup(concatenate(Menu!$B$5,H$51,$C79),'Preference Lookup'!$D$3:$E$150,2,false)) -> #REF! | I79: =if(isna(vlookup(concatenate(Menu!$B$5,I$51,$C79),'Preference Lookup'!$D$3:$E$150,2,false)),false,vlookup(concatenate(Menu!$B$5,I$51,$C79),'Preference Lookup'!$D$3:$E$150,2,false)) -> #REF! | J79: =if(isna(vlookup(concatenate(Menu!$B$5,J$51,$C79),'Preference Lookup'!$D$3:$E$150,2,false)),false,vlookup(concatenate(Menu!$B$5,J$51,$C79),'Preference Lookup'!$D$3:$E$150,2,false)) -> #REF! | K79: =if(isna(vlookup(concatenate(Menu!$B$5,K$51,$C79),'Preference Lookup'!$D$3:$E$150,2,false)),false,vlookup(concatenate(Menu!$B$5,K$51,$C79),'Preference Lookup'!$D$3:$E$150,2,false)) -> #REF! | L79: =if(isna(vlookup(concatenate(Menu!$B$5,L$51,$C79),'Preference Lookup'!$D$3:$E$150,2,false)),false,vlookup(concatenate(Menu!$B$5,L$51,$C79),'Preference Lookup'!$D$3:$E$150,2,false)) -> #REF! | M79: =if(isna(vlookup(concatenate(Menu!$B$5,M$51,$C79),'Preference Lookup'!$D$3:$E$150,2,false)),false,vlookup(concatenate(Menu!$B$5,M$51,$C79),'Preference Lookup'!$D$3:$E$150,2,false)) -> #REF! | N79: =if(isna(vlookup(concatenate(Menu!$B$5,N$51,$C79),'Preference Lookup'!$D$3:$E$150,2,false)),false,vlookup(concatenate(Menu!$B$5,N$51,$C79),'Preference Lookup'!$D$3:$E$150,2,false)) -> #REF! | O79: =if(isna(vlookup(concatenate(Menu!$B$5,O$51,$C79),'Preference Lookup'!$D$3:$E$150,2,false)),false,vlookup(concatenate(Menu!$B$5,O$51,$C79),'Preference Lookup'!$D$3:$E$150,2,false)) -> #REF! | ... Q79: =if(isna(vlookup(concatenate(Menu!$B$5,Q$51,$C79),'Preference Lookup'!$D$3:$E$150,2,false)),false,vlookup(concatenate(Menu!$B$5,Q$51,$C79),'Preference Lookup'!$D$3:$E$150,2,false)) -> #REF!
A80: =A79+1 -> 2 | C80: Age > 100 years or Missing | H80: =if(isna(vlookup(concatenate("ALL",H$51,$C80),'Preference Lookup'!$D$3:$E$150,2,false)),false,vlookup(concatenate("ALL",H$51,$C80),'Preference Lookup'!$D$3:$E$150,2,false)) -> TRUE | I80: =if(isna(vlookup(concatenate("ALL",I$51,$C80),'Preference Lookup'!$D$3:$E$150,2,false)),false,vlookup(concatenate("ALL",I$51,$C80),'Preference Lookup'!$D$3:$E$150,2,false)) -> TRUE | J80: =if(isna(vlookup(concatenate("ALL",J$51,$C80),'Preference Lookup'!$D$3:$E$150,2,false)),false,vlookup(concatenate("ALL",J$51,$C80),'Preference Lookup'!$D$3:$E$150,2,false)) -> FALSE | K80: =if(isna(vlookup(concatenate("ALL",K$51,$C80),'Preference Lookup'!$D$3:$E$150,2,false)),false,vlookup(concatenate("ALL",K$51,$C80),'Preference Lookup'!$D$3:$E$150,2,false)) -> FALSE | L80: =if(isna(vlookup(concatenate("ALL",L$51,$C80),'Preference Lookup'!$D$3:$E$150,2,false)),false,vlookup(concatenate("ALL",L$51,$C80),'Preference Lookup'!$D$3:$E$150,2,false)) -> FALSE | M80: =if(isna(vlookup(concatenate("ALL",M$51,$C80),'Preference Lookup'!$D$3:$E$150,2,false)),false,vlookup(concatenate("ALL",M$51,$C80),'Preference Lookup'!$D$3:$E$150,2,false)) -> TRUE | N80: =if(isna(vlookup(concatenate("ALL",N$51,$C80),'Preference Lookup'!$D$3:$E$150,2,false)),false,vlookup(concatenate("ALL",N$51,$C80),'Preference Lookup'!$D$3:$E$150,2,false)) -> TRUE | O80: =if(isna(vlookup(concatenate("ALL",O$51,$C80),'Preference Lookup'!$D$3:$E$150,2,false)),false,vlookup(concatenate("ALL",O$51,$C80),'Preference Lookup'!$D$3:$E$150,2,false)) -> FALSE | ... Q80: =if(isna(vlookup(concatenate("ALL",Q$51,$C80),'Preference Lookup'!$D$3:$E$150,2,false)),false,vlookup(concatenate("ALL",Q$51,$C80),'Preference Lookup'!$D$3:$E$150,2,false)) -> FALSE
A81: =A80+1 -> 3 | C81: Overseas | H81: =if(isna(vlookup(concatenate("ALL",H$51,$C81),'Preference Lookup'!$D$3:$E$150,2,false)),false,vlookup(concatenate("ALL",H$51,$C81),'Preference Lookup'!$D$3:$E$150,2,false)) -> TRUE | I81: =if(isna(vlookup(concatenate("ALL",I$51,$C81),'Preference Lookup'!$D$3:$E$150,2,false)),false,vlookup(concatenate("ALL",I$51,$C81),'Preference Lookup'!$D$3:$E$150,2,false)) -> TRUE | J81: =if(isna(vlookup(concatenate("ALL",J$51,$C81),'Preference Lookup'!$D$3:$E$150,2,false)),false,vlookup(concatenate("ALL",J$51,$C81),'Preference Lookup'!$D$3:$E$150,2,false)) -> FALSE | K81: =if(isna(vlookup(concatenate("ALL",K$51,$C81),'Preference Lookup'!$D$3:$E$150,2,false)),false,vlookup(concatenate("ALL",K$51,$C81),'Preference Lookup'!$D$3:$E$150,2,false)) -> FALSE | L81: =if(isna(vlookup(concatenate("ALL",L$51,$C81),'Preference Lookup'!$D$3:$E$150,2,false)),false,vlookup(concatenate("ALL",L$51,$C81),'Preference Lookup'!$D$3:$E$150,2,false)) -> FALSE | M81: =if(isna(vlookup(concatenate("ALL",M$51,$C81),'Preference Lookup'!$D$3:$E$150,2,false)),false,vlookup(concatenate("ALL",M$51,$C81),'Preference Lookup'!$D$3:$E$150,2,false)) -> TRUE | N81: =if(isna(vlookup(concatenate("ALL",N$51,$C81),'Preference Lookup'!$D$3:$E$150,2,false)),false,vlookup(concatenate("ALL",N$51,$C81),'Preference Lookup'!$D$3:$E$150,2,false)) -> TRUE | O81: =if(isna(vlookup(concatenate("ALL",O$51,$C81),'Preference Lookup'!$D$3:$E$150,2,false)),false,vlookup(concatenate("ALL",O$51,$C81),'Preference Lookup'!$D$3:$E$150,2,false)) -> FALSE | ... Q81: =if(isna(vlookup(concatenate("ALL",Q$51,$C81),'Preference Lookup'!$D$3:$E$150,2,false)),false,vlookup(concatenate("ALL",Q$51,$C81),'Preference Lookup'!$D$3:$E$150,2,false)) -> FALSE
A82: 4 | C82: Malicious First Name | H82: =if(isna(vlookup(concatenate("ALL",H$51,$C82),'Preference Lookup'!$D$3:$E$150,2,false)),false,vlookup(concatenate("ALL",H$51,$C82),'Preference Lookup'!$D$3:$E$150,2,false)) -> TRUE | I82: =if(isna(vlookup(concatenate("ALL",I$51,$C82),'Preference Lookup'!$D$3:$E$150,2,false)),false,vlookup(concatenate("ALL",I$51,$C82),'Preference Lookup'!$D$3:$E$150,2,false)) -> FALSE | J82: =if(isna(vlookup(concatenate("ALL",J$51,$C82),'Preference Lookup'!$D$3:$E$150,2,false)),false,vlookup(concatenate("ALL",J$51,$C82),'Preference Lookup'!$D$3:$E$150,2,false)) -> FALSE | K82: =if(isna(vlookup(concatenate("ALL",K$51,$C82),'Preference Lookup'!$D$3:$E$150,2,false)),false,vlookup(concatenate("ALL",K$51,$C82),'Preference Lookup'!$D$3:$E$150,2,false)) -> FALSE | L82: =if(isna(vlookup(concatenate("ALL",L$51,$C82),'Preference Lookup'!$D$3:$E$150,2,false)),false,vlookup(concatenate("ALL",L$51,$C82),'Preference Lookup'!$D$3:$E$150,2,false)) -> FALSE | M82: =if(isna(vlookup(concatenate("ALL",M$51,$C82),'Preference Lookup'!$D$3:$E$150,2,false)),false,vlookup(concatenate("ALL",M$51,$C82),'Preference Lookup'!$D$3:$E$150,2,false)) -> TRUE | N82: =if(isna(vlookup(concatenate("ALL",N$51,$C82),'Preference Lookup'!$D$3:$E$150,2,false)),false,vlookup(concatenate("ALL",N$51,$C82),'Preference Lookup'!$D$3:$E$150,2,false)) -> FALSE | O82: =if(isna(vlookup(concatenate("ALL",O$51,$C82),'Preference Lookup'!$D$3:$E$150,2,false)),false,vlookup(concatenate("ALL",O$51,$C82),'Preference Lookup'!$D$3:$E$150,2,false)) -> FALSE | ... Q82: =if(isna(vlookup(concatenate("ALL",Q$51,$C82),'Preference Lookup'!$D$3:$E$150,2,false)),false,vlookup(concatenate("ALL",Q$51,$C82),'Preference Lookup'!$D$3:$E$150,2,false)) -> FALSE
A83: =A82+1 -> 5 | C83: Malicious Last Name | H83: =if(isna(vlookup(concatenate("ALL",H$51,$C83),'Preference Lookup'!$D$3:$E$150,2,false)),false,vlookup(concatenate("ALL",H$51,$C83),'Preference Lookup'!$D$3:$E$150,2,false)) -> FALSE | I83: =if(isna(vlookup(concatenate("ALL",I$51,$C83),'Preference Lookup'!$D$3:$E$150,2,false)),false,vlookup(concatenate("ALL",I$51,$C83),'Preference Lookup'!$D$3:$E$150,2,false)) -> FALSE | J83: =if(isna(vlookup(concatenate("ALL",J$51,$C83),'Preference Lookup'!$D$3:$E$150,2,false)),false,vlookup(concatenate("ALL",J$51,$C83),'Preference Lookup'!$D$3:$E$150,2,false)) -> FALSE | K83: =if(isna(vlookup(concatenate("ALL",K$51,$C83),'Preference Lookup'!$D$3:$E$150,2,false)),false,vlookup(concatenate("ALL",K$51,$C83),'Preference Lookup'!$D$3:$E$150,2,false)) -> FALSE | L83: =if(isna(vlookup(concatenate("ALL",L$51,$C83),'Preference Lookup'!$D$3:$E$150,2,false)),false,vlookup(concatenate("ALL",L$51,$C83),'Preference Lookup'!$D$3:$E$150,2,false)) -> FALSE | M83: =if(isna(vlookup(concatenate("ALL",M$51,$C83),'Preference Lookup'!$D$3:$E$150,2,false)),false,vlookup(concatenate("ALL",M$51,$C83),'Preference Lookup'!$D$3:$E$150,2,false)) -> FALSE | N83: =if(isna(vlookup(concatenate("ALL",N$51,$C83),'Preference Lookup'!$D$3:$E$150,2,false)),false,vlookup(concatenate("ALL",N$51,$C83),'Preference Lookup'!$D$3:$E$150,2,false)) -> FALSE | O83: =if(isna(vlookup(concatenate("ALL",O$51,$C83),'Preference Lookup'!$D$3:$E$150,2,false)),false,vlookup(concatenate("ALL",O$51,$C83),'Preference Lookup'!$D$3:$E$150,2,false)) -> FALSE | ... Q83: =if(isna(vlookup(concatenate("ALL",Q$51,$C83),'Preference Lookup'!$D$3:$E$150,2,false)),false,vlookup(concatenate("ALL",Q$51,$C83),'Preference Lookup'!$D$3:$E$150,2,false)) -> FALSE
A84: =A83+1 -> 6 | C84: =HYPERLINK("https://www.health.gov.au/health-topics/alcohol/about-alcohol/alcohol-laws-in-australia","Dry Postcodes (for Liquor Campaigns)") -> Dry Postcodes (for Liquor Campaigns) | H84: =if(isna(vlookup(concatenate(Menu!$B$5,H$51,$C84),'Preference Lookup'!$D$3:$E$150,2,false)),false,vlookup(concatenate(Menu!$B$5,H$51,$C84),'Preference Lookup'!$D$3:$E$150,2,false)) -> #REF! | I84: =if(isna(vlookup(concatenate(Menu!$B$5,I$51,$C84),'Preference Lookup'!$D$3:$E$150,2,false)),false,vlookup(concatenate(Menu!$B$5,I$51,$C84),'Preference Lookup'!$D$3:$E$150,2,false)) -> #REF! | J84: =if(isna(vlookup(concatenate(Menu!$B$5,J$51,$C84),'Preference Lookup'!$D$3:$E$150,2,false)),false,vlookup(concatenate(Menu!$B$5,J$51,$C84),'Preference Lookup'!$D$3:$E$150,2,false)) -> #REF! | K84: =if(isna(vlookup(concatenate(Menu!$B$5,K$51,$C84),'Preference Lookup'!$D$3:$E$150,2,false)),false,vlookup(concatenate(Menu!$B$5,K$51,$C84),'Preference Lookup'!$D$3:$E$150,2,false)) -> #REF! | L84: =if(isna(vlookup(concatenate(Menu!$B$5,L$51,$C84),'Preference Lookup'!$D$3:$E$150,2,false)),false,vlookup(concatenate(Menu!$B$5,L$51,$C84),'Preference Lookup'!$D$3:$E$150,2,false)) -> #REF! | M84: =if(isna(vlookup(concatenate(Menu!$B$5,M$51,$C84),'Preference Lookup'!$D$3:$E$150,2,false)),false,vlookup(concatenate(Menu!$B$5,M$51,$C84),'Preference Lookup'!$D$3:$E$150,2,false)) -> #REF! | N84: =if(isna(vlookup(concatenate(Menu!$B$5,N$51,$C84),'Preference Lookup'!$D$3:$E$150,2,false)),false,vlookup(concatenate(Menu!$B$5,N$51,$C84),'Preference Lookup'!$D$3:$E$150,2,false)) -> #REF! | O84: =if(isna(vlookup(concatenate(Menu!$B$5,O$51,$C84),'Preference Lookup'!$D$3:$E$150,2,false)),false,vlookup(concatenate(Menu!$B$5,O$51,$C84),'Preference Lookup'!$D$3:$E$150,2,false)) -> #REF! | ... Q84: =if(isna(vlookup(concatenate(Menu!$B$5,Q$51,$C84),'Preference Lookup'!$D$3:$E$150,2,false)),false,vlookup(concatenate(Menu!$B$5,Q$51,$C84),'Preference Lookup'!$D$3:$E$150,2,false)) -> #REF!
A85: =A84+1 -> 7 | C85: Onboarding Journey (Joined Rewards in the last 30 days) | H85: =if(isna(vlookup(concatenate("ALL",H$51,$C85),'Preference Lookup'!$D$3:$E$150,2,false)),false,vlookup(concatenate("ALL",H$51,$C85),'Preference Lookup'!$D$3:$E$150,2,false)) -> TRUE | I85: =if(isna(vlookup(concatenate("ALL",I$51,$C85),'Preference Lookup'!$D$3:$E$150,2,false)),false,vlookup(concatenate("ALL",I$51,$C85),'Preference Lookup'!$D$3:$E$150,2,false)) -> TRUE | J85: =if(isna(vlookup(concatenate("ALL",J$51,$C85),'Preference Lookup'!$D$3:$E$150,2,false)),false,vlookup(concatenate("ALL",J$51,$C85),'Preference Lookup'!$D$3:$E$150,2,false)) -> FALSE | K85: =if(isna(vlookup(concatenate("ALL",K$51,$C85),'Preference Lookup'!$D$3:$E$150,2,false)),false,vlookup(concatenate("ALL",K$51,$C85),'Preference Lookup'!$D$3:$E$150,2,false)) -> FALSE | L85: =if(isna(vlookup(concatenate("ALL",L$51,$C85),'Preference Lookup'!$D$3:$E$150,2,false)),false,vlookup(concatenate("ALL",L$51,$C85),'Preference Lookup'!$D$3:$E$150,2,false)) -> FALSE | M85: =if(isna(vlookup(concatenate("ALL",M$51,$C85),'Preference Lookup'!$D$3:$E$150,2,false)),false,vlookup(concatenate("ALL",M$51,$C85),'Preference Lookup'!$D$3:$E$150,2,false)) -> TRUE | N85: =if(isna(vlookup(concatenate("ALL",N$51,$C85),'Preference Lookup'!$D$3:$E$150,2,false)),false,vlookup(concatenate("ALL",N$51,$C85),'Preference Lookup'!$D$3:$E$150,2,false)) -> TRUE | O85: =if(isna(vlookup(concatenate("ALL",O$51,$C85),'Preference Lookup'!$D$3:$E$150,2,false)),false,vlookup(concatenate("ALL",O$51,$C85),'Preference Lookup'!$D$3:$E$150,2,false)) -> FALSE | ... Q85: =if(isna(vlookup(concatenate("ALL",Q$51,$C85),'Preference Lookup'!$D$3:$E$150,2,false)),false,vlookup(concatenate("ALL",Q$51,$C85),'Preference Lookup'!$D$3:$E$150,2,false)) -> FALSE
A86: =A85+1 -> 8 | C86: Staff | H86: =if(isna(vlookup(concatenate("ALL",H$51,$C86),'Preference Lookup'!$D$3:$E$150,2,false)),false,vlookup(concatenate("ALL",H$51,$C86),'Preference Lookup'!$D$3:$E$150,2,false)) -> TRUE | I86: =if(isna(vlookup(concatenate("ALL",I$51,$C86),'Preference Lookup'!$D$3:$E$150,2,false)),false,vlookup(concatenate("ALL",I$51,$C86),'Preference Lookup'!$D$3:$E$150,2,false)) -> TRUE | J86: =if(isna(vlookup(concatenate("ALL",J$51,$C86),'Preference Lookup'!$D$3:$E$150,2,false)),false,vlookup(concatenate("ALL",J$51,$C86),'Preference Lookup'!$D$3:$E$150,2,false)) -> FALSE | K86: =if(isna(vlookup(concatenate("ALL",K$51,$C86),'Preference Lookup'!$D$3:$E$150,2,false)),false,vlookup(concatenate("ALL",K$51,$C86),'Preference Lookup'!$D$3:$E$150,2,false)) -> FALSE | L86: =if(isna(vlookup(concatenate("ALL",L$51,$C86),'Preference Lookup'!$D$3:$E$150,2,false)),false,vlookup(concatenate("ALL",L$51,$C86),'Preference Lookup'!$D$3:$E$150,2,false)) -> FALSE | M86: =if(isna(vlookup(concatenate("ALL",M$51,$C86),'Preference Lookup'!$D$3:$E$150,2,false)),false,vlookup(concatenate("ALL",M$51,$C86),'Preference Lookup'!$D$3:$E$150,2,false)) -> TRUE | N86: =if(isna(vlookup(concatenate("ALL",N$51,$C86),'Preference Lookup'!$D$3:$E$150,2,false)),false,vlookup(concatenate("ALL",N$51,$C86),'Preference Lookup'!$D$3:$E$150,2,false)) -> TRUE | O86: =if(isna(vlookup(concatenate("ALL",O$51,$C86),'Preference Lookup'!$D$3:$E$150,2,false)),false,vlookup(concatenate("ALL",O$51,$C86),'Preference Lookup'!$D$3:$E$150,2,false)) -> FALSE | ... Q86: =if(isna(vlookup(concatenate("ALL",Q$51,$C86),'Preference Lookup'!$D$3:$E$150,2,false)),false,vlookup(concatenate("ALL",Q$51,$C86),'Preference Lookup'!$D$3:$E$150,2,false)) -> FALSE
C88: Additional Email Standard Exclusions
H89: =H$51 -> Email | I89: =I$51 -> Rewards App | J89: =J$51 | K89: =K$51 | L89: =L$51
A90: 1 | C90: Non Engaged (Has not opened email in past 26 weeks) | H90: FALSE | I90: FALSE | J90: FALSE | K90: FALSE | L90: FALSE | Q90: FALSE
A91: =A90+1 -> 2 | C91: Non Email Marketable (eDM Autosuppression: Unsubbed from Email, Unsub from all EDR comms, Invalid e-mail address, Deceased, Under 16, Overseas, Competitor Email Domain, Test Emails, Shared Email with one of the accounts opted out of any banner, Shared Email associated with a deregistered card, Hard Bounce, Inbox Unsubscribe, Static Autosuppression List) | H91: FALSE | I91: FALSE | J91: FALSE | K91: FALSE | L91: FALSE | Q91: FALSE
C93: Additional SMS Standard Exclusions
H94: =H$51 -> Email | I94: =I$51 -> Rewards App | J94: =J$51 | L94: =L$51
A95: 1 | C95: Mobile Number is Missing or Invalid | H95: FALSE | I95: FALSE | J95: FALSE | K95: FALSE | L95: FALSE
A96: =A95+1 -> 2 | C96: Oversea Mobile Number | H96: FALSE | I96: FALSE | J96: FALSE | K96: FALSE | L96: FALSE
A97: =A96+1 -> 3 | C97: Mobile Number is Shared | H97: FALSE | I97: FALSE | J97: FALSE | K97: FALSE | L97: FALSE
C99: Project/List Exclusions
H100: =H$51 -> Email | I100: =I$51 -> Rewards App | J100: =J$51 | L100: =L$51
A101: 1 | C101: Triple M | H101: FALSE | I101: FALSE | J101: FALSE | K101: FALSE | L101: FALSE
A102: =A101+1 -> 2 | C102: =HYPERLINK("https://docs.google.com/spreadsheets/d/1pQxQ2d-9Pb1zkECw8E6m0nCkibpbodIj-6-HI0Jtfqw/edit#gid=1035024271","LCP Store Campaigns-Reseved Audience for LCP") -> LCP Store Campaigns-Reseved Audience for LCP | H102: FALSE | I102: FALSE | J102: FALSE | K102: FALSE | L102: FALSE
A103: =A102+1 -> 3 | C103: =HYPERLINK("https://docs.google.com/presentation/d/1VFvVEuj-PwbqpMcjxvxxwDtY1sOEEl1aI7rUSSc-ZCk/edit","Influencers") -> Influencers | H103: FALSE | I103: FALSE | J103: FALSE | K103: FALSE | L103: FALSE
A104: =A103+1 -> 4 | C104: Other, please specify: | F104: [Enter here] | H104: FALSE | I104: FALSE | J104: FALSE | K104: FALSE | L104: FALSE
C106: Campaign Code Exclusions + Notes - list campaign codes here to exclude T+C eg CVM0056 last three excutions starting on date DD-MM-YYYY
A107: 1
A108: =A107+1 -> 2
A109: =A108+1 -> 3
A110: =A109+1 -> 4
A111: =A110+1 -> 5
C113: Campaign Selection Criteria
C114: Test Group (Mandatory for Digital Channels)
A115: 1 | B115: TRUE | C115: =HYPERLINK("https://docs.google.com/spreadsheets/d/1Ua7P3R1P2QOKt7GLgi8PL3CBwpLonx3cTDT2pV9QdOQ/edit?ts=5eaf7985#gid=0","Production Test Accounts") -> Production Test Accounts
C117: Test Cards (Optional) - list here any additional cards to be forced into campaign for app testing
A119: 1 | C119: CRN | E119: (separate by comma)
A120: =A119+1 -> 2 | B120: (OR) | C120: LOYALTY CARD NUMBERS | E120: (separate by comma)
C122: Additional Audience (Add details there is any dependency to setup audience for this campaigns )
A123: 1 | B123: FALSE | C123: For Example : Modelling team will provide scored audience : Add table name / selection rules accordingly
A124: 2 | B124: FALSE | C124: Influencers
...

Sheet ONL Data Brief
Q1: =sum(Q2:Q11) -> 0
B6: Instructions:
B7: Make a copy: [Campaign Code] - [Campaign Description] - Data Brief
C11: 3.0 Data - Brief Form: eCOM (ONL) Customer Base
A13: [SEQ]
C14: Campaign Set Up
A15: 1 | C15: Campaign Code | F15: ONL-5887
A16: =A15+1 -> 2 | C16: Campaign Stream (Auto) | F16: =LOWER(left($F$15,3)) -> onl
A17: =A16+1 -> 3 | C17: Campaign Subscription (Unsub Link) | F17: onl
A18: =A17+1 -> 4 | C18: =HYPERLINK("https://docs.google.com/spreadsheets/d/1XQaTYaKkzuTidSYCj1Sr0cqNyuLL8kdKhd630ztvOYI/edit#gid=1329109951","Campaign Name / Type") -> Campaign Name / Type | F18: ONL
A19: =A18+1 -> 5 | C19: Campaign Description | F19: Sept Inactives Fresh Campaign
A20: =A19+1 -> 6 | C20: Campaign Manager | F20: Monica Kaczmarska
A21: =A20+1 -> 7 | C21: Campaign Manager Email | F21: mkaczmarska@woolworths.com.au
A22: =A21+1 -> 8 | C22: Campaign Start Date | F22: 44810 | G22: =K22
A23: =A22+1 -> 9 | C23: Campaign End Date | F23: 44824 | G23: =K23
A24: =A23+1 -> 10 | C24: Campaign Duration (Sanity Check) | F24: =CONCATENATE(sum(F23-F22)," day(s)") -> 14 day(s)
A25: =A24+1 -> 11 | C25: Sales Channel Type | F25: Online
A26: =A25+1 -> 12 | C26: Activation Type | F26: Single [S]
A27: =A26+1 -> 13 | C27: Offer Length Days | F27: 14
A28: =A27+1 -> 14 | C28: Control Group | E28: 5% evenly across Inactives & Active Churned Loyal | F28: TRUE
C30: Analysis and Files
C31: Select Output Requirements
A32: 1 | C32: Waterfall Counts | F32: TRUE
A33: =A32+1 -> 2 | C33: Offer Summary | F33: TRUE
A34: =A33+1 -> 3 | C34: Sample Data File (SDF) | F34: TRUE
C36: Target Audience Selection
C37: Business Area
A38: 1 | C38: Woolworths Online | F38: TRUE
C40: Business Area Subscriptions (from website)
H41: Email | I41: WOW App | J41: CRO (for ONL) | K41: . | L41: . | M41: . | N41: . | O41: .
C42: Everyday Rewards Subscriptions (includes FSC)
A43: 1 | C43: Online Customer | H43: Ex Optout | I43: Inc All | J43: Inc All | K43: . | L43: . | M43: . | N43: . | O43: .
A44: 2 | C44: Other Subscriptions | K44: . | L44: . | M44: . | N44: . | O44: .
C46: Exclusions (data specific)
H47: =H$41 -> Email | I47: =I41 -> WOW App | J47: =J41 -> CRO (for ONL) | K47: =K$41 -> . | L47: =L$41 -> . | M47: =M$41 -> . | N47: =N$41 -> . | O47: =O$41 -> .
C48: Global Exclusions
A49: 1 | C49: Active online customers | H49: FALSE | I49: TRUE | J49: FALSE | K49: FALSE | L49: FALSE | M49: FALSE | N49: FALSE | O49: FALSE
A50: 2 | C50: Invalid Shopper ID | H50: TRUE | I50: TRUE | J50: TRUE | K50: FALSE | L50: FALSE | M50: FALSE | N50: FALSE | O50: FALSE
A51: 3 | C51: Age < 16 years | H51: TRUE | I51: TRUE | J51: TRUE | K51: FALSE | L51: FALSE | M51: FALSE | N51: FALSE | O51: FALSE
A52: 4 | C52: CUST_B2B | H52: TRUE | I52: TRUE | J52: TRUE | K52: FALSE | L52: FALSE | M52: FALSE | N52: FALSE | O52: FALSE
C54: Standard Exclusions
H55: =H$41 -> Email | I55: =I47 -> WOW App | J55: =J47 -> CRO (for ONL) | K55: =K$41 -> . | L55: =L$41 -> . | M55: =M$41 -> . | N55: =N$41 -> . | O55: =O$41 -> .
A56: 1 | C56: Age < 18 years | H56: TRUE | I56: TRUE | J56: TRUE | K56: FALSE | L56: FALSE | M56: FALSE | N56: FALSE | O56: FALSE
A57: =A56+1 -> 2 | C57: Age > 100 years or Missing | H57: TRUE | I57: TRUE | J57: TRUE | K57: FALSE | L57: FALSE | M57: FALSE | N57: FALSE | O57: FALSE
A58: =A57+1 -> 3 | C58: =HYPERLINK("https://www.health.gov.au/health-topics/alcohol/about-alcohol/alcohol-laws-in-australia","Dry Postcodes (for Liquor Campaigns)") -> Dry Postcodes (for Liquor Campaigns) | H58: TRUE | I58: TRUE | J58: TRUE | K58: FALSE | L58: FALSE | M58: FALSE | N58: FALSE | O58: FALSE
A59: 2 | C59: Rewards member | H59: TRUE | I59: FALSE | J59: FALSE | K59: FALSE | L59: FALSE | M59: FALSE | N59: FALSE | O59: FALSE
A60: =A59+1 -> 3 | H60: FALSE | I60: FALSE | J60: FALSE | K60: FALSE | L60: FALSE | M60: FALSE | N60: FALSE | O60: FALSE
C61: Additional Email Standard Exclusions
H62: =H$41 -> Email | I62: =I$41 -> WOW App | J62: =J$41 -> CRO (for ONL) | K62: =K$41 -> . | L62: =L$41 -> . | M62: =M$41 -> . | N62: =N$41 -> . | O62: =O$41 -> .
A63: 1 | C63: Email is Missing or Invalid | H63: TRUE | I63: FALSE | J63: FALSE | K63: FALSE | L63: FALSE | M63: FALSE | N63: FALSE | O63: FALSE
A64: 3 | C64: Email bounces | H64: TRUE | I64: FALSE | J64: FALSE | K64: FALSE | L64: FALSE | M64: FALSE | N64: FALSE | O64: FALSE
A65: 4 | C65: Non Engaged (Has not opened email in past 26 weeks) | H65: TRUE | I65: FALSE | J65: FALSE | K65: FALSE | L65: FALSE | M65: FALSE | N65: FALSE | O65: FALSE
A66: 5 | C66: Non Email Marketable (Opted out of email) | H66: TRUE | I66: FALSE | J66: FALSE | K66: FALSE | L66: FALSE | M66: FALSE | N66: FALSE | O66: FALSE
C68: Additional SMS Standard Exclusions
H69: =H$41 -> Email | I69: =I$41 -> WOW App | J69: =J$41 -> CRO (for ONL) | K69: =K$41 -> . | L69: =L$41 -> . | M69: =M$41 -> . | N69: =N$41 -> . | O69: =O$41 -> .
A70: 1 | C70: Mobile Number is Missing or Invalid | H70: FALSE | I70: FALSE | J70: FALSE | K70: FALSE | L70: FALSE | M70: FALSE | N70: FALSE | O70: FALSE
A71: =A70+1 -> 2 | C71: Oversea Mobile Number | H71: FALSE | I71: FALSE | J71: FALSE | K71: FALSE | L71: FALSE | M71: FALSE | N71: FALSE | O71: FALSE
A72: =A71+1 -> 3 | C72: Mobile Number is Shared | H72: FALSE | I72: FALSE | J72: FALSE | K72: FALSE | L72: FALSE | M72: FALSE | N72: FALSE | O72: FALSE
C74: Project/List Exclusions
H75: =H$41 -> Email | I75: =I$41 -> WOW App | J75: =J$41 -> CRO (for ONL) | K75: =K$41 -> . | L75: =L$41 -> . | M75: =M$41 -> . | N75: =N$41 -> . | O75: =O$41 -> .
A76: 1 | C76: Triple M | H76: TRUE | I76: TRUE | J76: FALSE | K76: FALSE | L76: FALSE | M76: FALSE | N76: FALSE | O76: FALSE
A77: 2 | C77: Other, please specify: | F77: [Enter here] | H77: FALSE | I77: FALSE | J77: FALSE | K77: FALSE | L77: FALSE | M77: FALSE | N77: FALSE | O77: FALSE
C79: Campaign Code Exclusions + Notes
A80: 1
A81: 2 | C81: Exclude automated campaign audiences from 29 August - 5 September*: (*Apply 5th September audience group to an exclusion list) RNL-5470 RNL-5471 RNL-5782 RNL-5783 ONM-5739 ONM-5765 RNL-4928
A82: 3 | C82: DU Audience exclusions: DU Risk of Churn in September - DUE-6166 (08/09 - 15/09) DU Acquisition (EDR targeting) - DUA-6200 (21/09 - 25/09)
A83: 4 | C83: Please include holdout group of 5% (equally across Inactives engagement groups & Active Loyal)
A84: =A83+1 -> 5
C86: Campaign Selection Criteria
C87: Test Group (Mandatory for Digital Channels)
A88: 1 | B88: TRUE | C88: =HYPERLINK("https://docs.google.com/spreadsheets/d/1Ua7P3R1P2QOKt7GLgi8PL3CBwpLonx3cTDT2pV9QdOQ/edit?ts=5eaf7985#gid=0","Production Test Accounts") -> Production Test Accounts
C90: Test Cards (Optional) - list here any additional cards to be forced into campaign for app testing
C91: Shopper_ID | E91: Name
A92: 1 | C92: 65538XXX | E92: Monica
A93: =A92+1 -> 2
C95: Selection Criteria in Plain English (New line for each criteria)
A96: 1 | C96: All members who are meet the criterias selected and outlined inclusion criteria above and:
C97: Last order date cutoff: 1st August (exclude customers who placed an order after 1st August)
C98: Active Loyal churned selection criteria:
C99: PREV_LIFECYCLE_SEG = ACTIVE LOYAL AND CURR_LIFECYCLE_SEG = INACTIVE SHORT AND last 1 order in the last 4-10 weeks
C100: Inactives selection criteria:
C101: Short: Has not shopped since 1 Aug-26 weeks and made 1+ order
C102: Mid: Has not shopped in the last 26-52 weeks and made 1+ order
C105: ACTIVE LOYAL churned offer is (1) $15 off $180
C106: INACTIVES offer is (1) $10 off $170, (2) 2000 points with min spend $170 (not based on engagement scoring)
C107: EDR customers - 2000 points offer
C108: Non -EDR customers - $10 off $170
C110: CAV Score (from DS team):
B111: table name: | C111: loyalty.*
C112: Channel Specific
C113: Channel
A114: 1 | C114: FB/IG | E114: e-Marketable + Non-e-Marketable
A115: =A114+1 -> 2 | C115: CRO (for ONL) | E115: e-Marketable + Non-e-Marketable
A116: =A115+1 -> 3 | C116: Email | E116: e-Marketable
A117: =A116+1 -> 4 | C117: WOW App | E117: E-Marketable - Opted in to push (please add Monica, Francesca, builder & analyst shopper IDs in the push notification test)
C120: SLA and Journey and Execution Criteria (Schedule)
C122: Send schedule - List Number of Sends and Relevant Send Dates
C123: Send | D123: Date | E123: Channel | F123: Classification | G123: Action | H123: Selection | M123: Additional Information
A124: 1 | C124: Send 1 | D124: 44810 | E124: Email | F124: Marketing | G124: All Selected Audience | H124: All in Selected Universe
A125: =A124+1 -> 2 | C125: Send 2 | D125: 44810 | E125: WOW App | F125: Marketing | G125: All Selected Audience | H125: All in Selected Universe
...

Sheet meta
A1: CVM MACRO SEGMENT | B1: CVM LIFESTAGE | C1: subscriptions | D1: conditional fields friendly name | E1: offer_ids | F1: Channels | G1: Classification | H1: Call To Action Type | I1: send | J1: sub choices | K1: woolies subs | L1: channel subs | M1: channel sales type | N1: activation type | O1: online | P1: Channels 2 | Q1: YN | R1: TF
A2: HVHIGH | B2: MIDAGE SINGLES/COUPLES | C2: [bws] - BWS | D2: avg_8wk_spend | E2: offer_id_01 (fix) | F2: Select Channel | G2: Marketing | H2: All Selected Audience | I2: Send 1 | J2: Ex Optin | K2: Unsubscribe from all Everyday Rewards communications | L2: Contact preference (website) - email | M2: In Store | N2: Single [S] | O2: onl | P2: Select Channel | Q2: YES | R2: TRUE
A3: HVMED | B3: NEW FAMILIES | C3: [petrol] - Fuel | D3: activn_type | E3: offer_id_01 (fix) | F3: All Selected Channels | G3: Service | H3: Reminder to Shop and Activate | I3: Send 2 | J3: Ex Optout | K3: Woolworths Supermarkets | L3: Contact preference (website) - mail | M3: Online | N3: Parallel [P] | O3: catalogue | P3: Email | Q3: NO | R3: FALSE
A4: INACTIVE | B4: OLDER FAMILIES | C4: [woolworths] - Woolworths Supermarkets | D4: cell_number | E4: offer_id_01 (fix) | F4: Email | H4: Reminder to Shop nly | I4: Send 3 | J4: Inc All | K4: Liquor Offers | L4: Contact preference (website) - SMS | M4: Both | N4: Multi Week [M] | O4: Online Customer | P4: Rewards App
A5: LAPSED | B5: OLDER SINGLES/COUPLES | C5: [marketresearch] - Customer Feedback | D5: communication_channel | E5: offer_id_01 (fix) | F5: All Social (FB/IG + Google/Youtube) | H5: Reminder to Activate Only | I5: Send 4 | J5: . | K5: BWS | L5: Contact preference (website) - browser Cookies | N5: Choice [C] | O5: Catalogue Customer | P5: All Social (FB + Google)
A6: LOW | B6: RETIREES | C6: [homeinsurance] - Woolworths Home Insurance | D6: gender | E6: offer_id_01 (fix) | F6: FB/IG | H6: Congratulations/Information | I6: Send 5 | K6: Fuel | O6: Other Subscriptions | P6: Push
A7: LVHFA | B7: YOUNG FAMILIES | C7: [petinsurance] - Woolworths Pet Insurance | D7: lifestage | E7: offer_id_01 (fix) | F7: Google/Youtube | I7: Send 6 | K7: Exclusive offers and promotions | P7: Google
A8: LVHFB | B8: YOUNG SINGLES/COUPLES | C8: [lifeinsurance] - Woolworths Life Insurance | D8: lms_offer_id_multi | E8: offer_id_01 (fix) | F8: Display/Programatic | I8: Send 7 | K8: Customer Feedback | P8: Rewards Hub
A9: LVLF | C9: [carinsurance] - Woolworths Car Insurance | D9: macro_segment_curr | E9: offer_id_01 (fix) | F9: Push - WOW App | I9: Send 8 | K9: Woolworths Home Insurrance | P9: FB
F10: WOW App | P10: Tealium- All social
A11: LVLFB | C11: [travelinsurance] - Woolworths Travel Insurance | D11: no_liquor_content | F11: Push - Rewards App | I11: Send 9 | K11: Woolworths Pet Insurance | P11: Direct Mail
A12: MVHIGH | C12: [all] - Unsubscribe from all Everyday Rewards communications | D12: offeractivated | F12: Rewards App | I12: Send 10 | K12: Woolworths Life Insurance | P12: Dockets
A13: MVMEDA | C13: [bigw] - BIG W | D13: offercategory | F13: FB Wallet | I13: Send 11 | K13: Woolworths Car Insurance | P13: All Digital (Hubs + Apps)
A14: MVMEDB | C14: [programaffiliates] - Program Affiliates | D14: partner_abbrev | F14: Direct Mail | I14: Send 12 | K14: Woolworths Travel Insurance
C15: [edm] - Qantas Platinum Credit Card | D15: personalised_products | F15: SMS | I15: Send 13 | K15: BIG W
C16: [wowmobile] - Woolworths Mobile | D16: postcode | F16: CRO (for ONL) | I16: Send 14 | K16: Program Affiliates
C17: [wowpeoplediscount] - Everyday Rewards Plus | D17: preferred_store | F17: Other | I17: Send 15 | K17: Qantas Platinum Credit Card
C18: [n/a] Services BU | D18: preferred_store_name | F18: All Social (FB + Google) | I18: Send 16 | K18: Woolworths Mobile
C19: [qantas] - Qantas | D19: reward_currency_type | I19: Send 17 | K19: Everyday Rewards Plus
C20: [bupa] - Bupa | D20: reward_currency_type | I20: Send 18 | K20: Woolworths Funeral Insurance
C21: [origin] - Origin | D21: segment_code | I21: Send 19 | K21: Woolworths Landlords Insurance
C22: [marleyspoon] - Marley Spoon/Dinnerly | D22: segmentname | I22: Send 20 | K22: Everyday Platinum Credit Card
C23: [petculture] - Pet Culture | D23: spend_hurdle | K23: Prepaid Mastercard
C24: [superpharmacy] - SuperPharmacy | D24: spend_type | K24: Reloadable Prepaid Mastercard
C25: [healthylife] - Healthy Life | D25: state | K25: Services BU - Deduplicated Sendlist
C26: [popup] - Popup Partners | D26: store_nbr | K26: Qantas
C27: [mydeal] - MyDeal | D27: stream | K27: Bupa
D28: subscription | K28: Origin
D29: total_wow_reward | K29: Marley Spoon
D30: var1 | K30: Pet Culture
D31: var2 | K31: Super Pharmacy
D32: var3 | K32: Healthy Life
D33: var4 | K33: Popup Partners
D34: var5 | K34: Customer Feedback
D35: var6 | K35: MyDeal
D36: lylty_card_nbr
D37: promocode

Sheet Preference Lookup
A2: Key 1 - Banner | B2: Key 2 - Channel | C2: Key 3 - Line Item | D2: CompoundKey | E2: Value
A3: ALL | B3: Email | C3: Unsubscribe from all Everyday Rewards communications | D3: =CONCATENATE(A3,B3,C3) -> ALLEmailUnsubscribe from all Everyday Rewards communications | E3: Ex Optout | G3: ALLEmailUnsubscribe from all Everyday Rewards communications | H3: =vlookup(G3,D3:E150,2,false) -> Ex Optout
A4: ALL | B4: Rewards App | C4: Unsubscribe from all Everyday Rewards communications | D4: =CONCATENATE(A4,B4,C4) -> ALLRewards AppUnsubscribe from all Everyday Rewards communications | E4: Inc All | G4: ALLRewards AppUnsubscribe from all Everyday Rewards communications | H4: =vlookup(G4,D4:E174,1) -> ALLAll Social (FB + Google)Non Engaged (Has not clicked email in past 26 weeks)
A5: ALL | B5: Push | C5: Unsubscribe from all Everyday Rewards communications | D5: =CONCATENATE(A5,B5,C5) -> ALLPushUnsubscribe from all Everyday Rewards communications | E5: Inc All
A6: ALL | B6: All Social (FB + Google) | C6: Unsubscribe from all Everyday Rewards communications | D6: =CONCATENATE(A6,B6,C6) -> ALLAll Social (FB + Google)Unsubscribe from all Everyday Rewards communications | E6: Inc All | G6: ALLAll Social (FB + Google)Unsubscribe from all Everyday Rewards communications | H6: =vlookup(G6,D6:E175,1) -> ALLAll Social (FB + Google)Unsubscribe from all Everyday Rewards communications
A7: ALL | B7: Email | C7: Exclusive offers and promotions | D7: =CONCATENATE(A7,B7,C7) -> ALLEmailExclusive offers and promotions | E7: Ex Optout | G7: ALLEmailExclusive offers and promotions | H7: =vlookup(G7,D7:E176,1) -> ALLEmailExclusive offers and promotions
A8: ALL | B8: Rewards App | C8: Exclusive offers and promotions | D8: =CONCATENATE(A8,B8,C8) -> ALLRewards AppExclusive offers and promotions | E8: Inc All | G8: ALLRewards AppExclusive offers and promotions | H8: =vlookup(G8,D8:E177,1) -> ALLAll Social (FB + Google)Age < 18 years
A9: ALL | B9: Push | C9: Exclusive offers and promotions | D9: =CONCATENATE(A9,B9,C9) -> ALLPushExclusive offers and promotions | E9: Inc All
A10: ALL | B10: All Social (FB + Google) | C10: Exclusive offers and promotions | D10: =CONCATENATE(A10,B10,C10) -> ALLAll Social (FB + Google)Exclusive offers and promotions | E10: Inc All
A11: ALL | B11: Email | C11: Woolworths Supermarkets | D11: =CONCATENATE(A11,B11,C11) -> ALLEmailWoolworths Supermarkets | E11: Ex Optout
A12: ALL | B12: Rewards App | C12: Woolworths Supermarkets | D12: =CONCATENATE(A12,B12,C12) -> ALLRewards AppWoolworths Supermarkets | E12: Inc All
A13: ALL | B13: Push | C13: Woolworths Supermarkets | D13: =CONCATENATE(A13,B13,C13) -> ALLPushWoolworths Supermarkets | E13: Inc All
A14: ALL | B14: All Social (FB + Google) | C14: Woolworths Supermarkets | D14: =CONCATENATE(A14,B14,C14) -> ALLAll Social (FB + Google)Woolworths Supermarkets | E14: Inc All
A15: ALL | B15: Email | C15: BWS | D15: =CONCATENATE(A15,B15,C15) -> ALLEmailBWS | E15: Ex Optout
A16: ALL | B16: Rewards App | C16: BWS | D16: =CONCATENATE(A16,B16,C16) -> ALLRewards AppBWS | E16: Inc All
A17: ALL | B17: Push | C17: BWS | D17: =CONCATENATE(A17,B17,C17) -> ALLPushBWS | E17: Inc All
A18: ALL | B18: All Social (FB + Google) | C18: BWS | D18: =CONCATENATE(A18,B18,C18) -> ALLAll Social (FB + Google)BWS | E18: Inc All
A19: ALL | B19: Email | C19: Liquor Offers | D19: =CONCATENATE(A19,B19,C19) -> ALLEmailLiquor Offers | E19: Ex Optout
A20: ALL | B20: Rewards App | C20: Liquor Offers | D20: =CONCATENATE(A20,B20,C20) -> ALLRewards AppLiquor Offers | E20: Ex Optout
... A82: ALL | B82: All Social (FB + Google) | C82: Contact preference (website) - email | D82: =CONCATENATE(A82,B82,C82) -> ALLAll Social (FB + Google)Contact preference (website) - email | E82: Inc All
A83: ALL | B83: Email | C83: Cancelled Woolworths Reward Card | D83: =CONCATENATE(A83,B83,C83) -> ALLEmailCancelled Woolworths Reward Card | E83: TRUE
A84: ALL | B84: Rewards App | C84: Cancelled Woolworths Reward Card | D84: =CONCATENATE(A84,B84,C84) -> ALLRewards AppCancelled Woolworths Reward Card | E84: TRUE
A85: ALL | B85: Push | C85: Cancelled Woolworths Reward Card | D85: =CONCATENATE(A85,B85,C85) -> ALLPushCancelled Woolworths Reward Card | E85: TRUE
A86: ALL | B86: All Social (FB + Google) | C86: Cancelled Woolworths Reward Card | D86: =CONCATENATE(A86,B86,C86) -> ALLAll Social (FB + Google)Cancelled Woolworths Reward Card | E86: TRUE
A87: ALL | B87: Email | C87: Deceased | D87: =CONCATENATE(A87,B87,C87) -> ALLEmailDeceased | E87: TRUE
A88: ALL | B88: Rewards App | C88: Deceased | D88: =CONCATENATE(A88,B88,C88) -> ALLRewards AppDeceased | E88: TRUE
A89: ALL | B89: Push | C89: Deceased | D89: =CONCATENATE(A89,B89,C89) -> ALLPushDeceased | E89: TRUE
A90: ALL | B90: All Social (FB + Google) | C90: Deceased | D90: =CONCATENATE(A90,B90,C90) -> ALLAll Social (FB + Google)Deceased | E90: TRUE
A91: ALL | B91: Email | C91: Age < 16 years | D91: =CONCATENATE(A91,B91,C91) -> ALLEmailAge < 16 years | E91: TRUE
A92: ALL | B92: Rewards App | C92: Age < 16 years | D92: =CONCATENATE(A92,B92,C92) -> ALLRewards AppAge < 16 years | E92: TRUE
A93: ALL | B93: Push | C93: Age < 16 years | D93: =CONCATENATE(A93,B93,C93) -> ALLPushAge < 16 years | E93: TRUE
A94: ALL | B94: All Social (FB + Google) | C94: Age < 16 years | D94: =CONCATENATE(A94,B94,C94) -> ALLAll Social (FB + Google)Age < 16 years | E94: TRUE
... A154: ALL | B154: All Social (FB + Google) | C154: Non Engaged (Has not clicked email in past 26 weeks) | D154: =CONCATENATE(A154,B154,C154) -> ALLAll Social (FB + Google)Non Engaged (Has not clicked email in past 26 weeks) | E154: FALSE
A155: ALL | B155: Unsub Parameter | C155: Supers | D155: =CONCATENATE(A155,B155,C155) -> ALLUnsub ParameterSupers | E155: [woolworths] - Woolworths Supermarkets
A156: ALL | B156: Unsub Parameter | C156: BWS | D156: =CONCATENATE(A156,B156,C156) -> ALLUnsub ParameterBWS | E156: [bws] - BWS
A157: ALL | B157: Unsub Parameter | C157: Big W | D157: =CONCATENATE(A157,B157,C157) -> ALLUnsub ParameterBig W | E157: [bigw] - BIG W
A158: ALL | B158: Unsub Parameter | C158: EG | D158: =CONCATENATE(A158,B158,C158) -> ALLUnsub ParameterEG | E158: [petrol] - Fuel
A159: ALL | B159: Unsub Parameter | C159: Caltex | D159: =CONCATENATE(A159,B159,C159) -> ALLUnsub ParameterCaltex | E159: [petrol] - Fuel
A160: ALL | B160: Unsub Parameter | C160: PA | D160: =CONCATENATE(A160,B160,C160) -> ALLUnsub ParameterPA | E160: [programaffiliates] - Program Affiliates
A161: ALL | B161: Unsub Parameter | C161: XSell | D161: =CONCATENATE(A161,B161,C161) -> ALLUnsub ParameterXSell | E161: [all] - Unsubscribe from all Everyday Rewards communications
A162: ALL | B162: Unsub Parameter | C162: Service | D162: =CONCATENATE(A162,B162,C162) -> ALLUnsub ParameterService | E162: [all] - Unsubscribe from all Everyday Rewards communications
A163: ALL | B163: Unsub Parameter | C163: InsSerBU | D163: =CONCATENATE(A163,B163,C163) -> ALLUnsub ParameterInsSerBU | E163: [n/a] Services BU
A164: ALL | B164: Unsub Parameter | C164: Qantas | D164: =CONCATENATE(A164,B164,C164) -> ALLUnsub ParameterQantas | E164: [qantas] - Qantas
A165: ALL | B165: Unsub Parameter | C165: Bupa | D165: =CONCATENATE(A165,B165,C165) -> ALLUnsub ParameterBupa | E165: [bupa] - Bupa
A166: ALL | B166: Unsub Parameter | C166: Origin | D166: =CONCATENATE(A166,B166,C166) -> ALLUnsub ParameterOrigin | E166: [origin] - Origin
... A173: ALL | B173: Unsub Parameter | C173: MyDeal | D173: =CONCATENATE(A173,B173,C173) -> ALLUnsub ParameterMyDeal | E173: [mydeal] - MyDeal
A174: ALL | B174: Email | D174: =CONCATENATE(A174,B174,C174) -> ALLEmail
A175: ALL | B175: Rewards App | D175: =CONCATENATE(A175,B175,C175) -> ALLRewards App
A176: ALL | B176: All Social (FB + Google) | D176: =CONCATENATE(A176,B176,C176) -> ALLAll Social (FB + Google)
A177: ALL | B177: Email | D177: =CONCATENATE(A177,B177,C177) -> ALLEmail
A178: ALL | B178: Rewards App | D178: =CONCATENATE(A178,B178,C178) -> ALLRewards App
A179: ALL | B179: All Social (FB + Google) | D179: =CONCATENATE(A179,B179,C179) -> ALLAll Social (FB + Google)
A180: ALL | B180: Email | D180: =CONCATENATE(A180,B180,C180) -> ALLEmail
A181: ALL | B181: Rewards App | D181: =CONCATENATE(A181,B181,C181) -> ALLRewards App
A182: ALL | B182: All Social (FB + Google) | D182: =CONCATENATE(A182,B182,C182) -> ALLAll Social (FB + Google)
A183: ALL | B183: Email | D183: =CONCATENATE(A183,B183,C183) -> ALLEmail
A184: ALL | B184: Rewards App | D184: =CONCATENATE(A184,B184,C184) -> ALLRewards App
A185: ALL | B185: All Social (FB + Google) | D185: =CONCATENATE(A185,B185,C185) -> ALLAll Social (FB + Google)
... A383: ALL | B383: All Social (FB + Google) | D383: =CONCATENATE(A383,B383,C383) -> ALLAll Social (FB + Google)

Sheet Copy of Preference Lookup
A2: Key 1 - Banner | B2: Key 2 - Channel | C2: Key 3 - Line Item | D2: CompoundKey | E2: Value
A3: ALL | B3: Email | C3: Unsubscribe from all Everyday Rewards communications | D3: =CONCATENATE(A3,B3,C3) -> ALLEmailUnsubscribe from all Everyday Rewards communications | E3: Ex Optout | G3: ALLEmailUnsubscribe from all Everyday Rewards communications | H3: =vlookup(G3,D3:E80,2,false) -> Ex Optout
A4: ALL | B4: Rewards App | C4: Unsubscribe from all Everyday Rewards communications | D4: =CONCATENATE(A4,B4,C4) -> ALLRewards AppUnsubscribe from all Everyday Rewards communications | E4: Inc All | G4: ALLRewards AppUnsubscribe from all Everyday Rewards communications | H4: =vlookup(G4,D4:E81,1) -> ALLAll Social (FB + Google)Dry Postcodes (for Liquor Campaigns)
A5: ALL | B5: All Social (FB + Google) | C5: Unsubscribe from all Everyday Rewards communications | D5: =CONCATENATE(A5,B5,C5) -> ALLAll Social (FB + Google)Unsubscribe from all Everyday Rewards communications | E5: Inc All | G5: ALLAll Social (FB + Google)Unsubscribe from all Everyday Rewards communications | H5: =vlookup(G5,D5:E82,1) -> ALLAll Social (FB + Google)Competitor Email (Add Domain here for Ref)
A6: ALL | B6: Email | C6: Exclusive offers and promotions | D6: =CONCATENATE(A6,B6,C6) -> ALLEmailExclusive offers and promotions | E6: Ex Optout | G6: ALLEmailExclusive offers and promotions | H6: =vlookup(G6,D6:E83,1) -> ALLAll Social (FB + Google)Overseas
A7: ALL | B7: Rewards App | C7: Exclusive offers and promotions | D7: =CONCATENATE(A7,B7,C7) -> ALLRewards AppExclusive offers and promotions | E7: Inc All | G7: ALLRewards AppExclusive offers and promotions | H7: =vlookup(G7,D7:E84,1) -> ALLEmail
A8: ALL | B8: All Social (FB + Google) | C8: Exclusive offers and promotions | D8: =CONCATENATE(A8,B8,C8) -> ALLAll Social (FB + Google)Exclusive offers and promotions | E8: Inc All
A9: ALL | B9: Email | C9: Woolworths Supermarkets | D9: =CONCATENATE(A9,B9,C9) -> ALLEmailWoolworths Supermarkets | E9: Ex Optout
A10: ALL | B10: Rewards App | C10: Woolworths Supermarkets | D10: =CONCATENATE(A10,B10,C10) -> ALLRewards AppWoolworths Supermarkets | E10: Inc All
A11: ALL | B11: All Social (FB + Google) | C11: Woolworths Supermarkets | D11: =CONCATENATE(A11,B11,C11) -> ALLAll Social (FB + Google)Woolworths Supermarkets | E11: Inc All
A12: ALL | B12: Email | C12: BWS | D12: =CONCATENATE(A12,B12,C12) -> ALLEmailBWS | E12: Ex Optout
A13: ALL | B13: Rewards App | C13: BWS | D13: =CONCATENATE(A13,B13,C13) -> ALLRewards AppBWS | E13: Inc All
A14: ALL | B14: All Social (FB + Google) | C14: BWS | D14: =CONCATENATE(A14,B14,C14) -> ALLAll Social (FB + Google)BWS | E14: Inc All
A15: ALL | B15: Email | C15: No liquor offers and promotions | D15: =CONCATENATE(A15,B15,C15) -> ALLEmailNo liquor offers and promotions | E15: Ex Optin
A16: ALL | B16: Rewards App | C16: No liquor offers and promotions | D16: =CONCATENATE(A16,B16,C16) -> ALLRewards AppNo liquor offers and promotions | E16: Ex Optin
A17: ALL | B17: All Social (FB + Google) | C17: No liquor offers and promotions | D17: =CONCATENATE(A17,B17,C17) -> ALLAll Social (FB + Google)No liquor offers and promotions | E17: Ex Optin
A18: ALL | B18: Email | C18: Big W | D18: =CONCATENATE(A18,B18,C18) -> ALLEmailBig W | E18: Ex Optout
A19: ALL | B19: Rewards App | C19: Big W | D19: =CONCATENATE(A19,B19,C19) -> ALLRewards AppBig W | E19: Inc All
... A80: ALL | B80: All Social (FB + Google) | C80: Staff | D80: =CONCATENATE(A80,B80,C80) -> ALLAll Social (FB + Google)Staff | E80: YES
A81: ALL | B81: Email | D81: =CONCATENATE(A81,B81,C81) -> ALLEmail
A82: ALL | B82: Rewards App | D82: =CONCATENATE(A82,B82,C82) -> ALLRewards App
A83: ALL | B83: All Social (FB + Google) | D83: =CONCATENATE(A83,B83,C83) -> ALLAll Social (FB + Google)
A84: ALL | B84: Email | D84: =CONCATENATE(A84,B84,C84) -> ALLEmail
A85: ALL | B85: Rewards App | D85: =CONCATENATE(A85,B85,C85) -> ALLRewards App
A86: ALL | B86: All Social (FB + Google) | D86: =CONCATENATE(A86,B86,C86) -> ALLAll Social (FB + Google)
A87: ALL | B87: Email | D87: =CONCATENATE(A87,B87,C87) -> ALLEmail
A88: ALL | B88: Rewards App | D88: =CONCATENATE(A88,B88,C88) -> ALLRewards App
A89: ALL | B89: All Social (FB + Google) | D89: =CONCATENATE(A89,B89,C89) -> ALLAll Social (FB + Google)
A90: ALL | B90: Email | D90: =CONCATENATE(A90,B90,C90) -> ALLEmail
A91: ALL | B91: Rewards App | D91: =CONCATENATE(A91,B91,C91) -> ALLRewards App
A92: ALL | B92: All Social (FB + Google) | D92: =CONCATENATE(A92,B92,C92) -> ALLAll Social (FB + Google)
... A290: ALL | B290: All Social (FB + Google) | D290: =CONCATENATE(A290,B290,C290) -> ALLAll Social (FB + Google)

Sheet Version Control
B2: Version | C2: Date | D2: Updates
B4: v0.11 | C4: 43312 | D4: Change from one to three Data Brief Forms - one each for Woolworths Rewards and Frequent Shopper Club Customer Bases, Services Customer Bases, and Online Customer Bases, and other associated update
B5: v7 | C5: 44225 | D5: Baseline of automated data brief
B6: v7.1 | C6: 44236 | D6: Changed default value of "Email" + "Universal control group" combination to TRUE
B7: v7.2 | C7: 44305 | D7: Added conditional formatting that highlights overrides
B8: v7.3 | C8: 44323 | D8: Updated "no liquor offer" to "liquor offer"
B9: v7.4 | C9: 44404 | D9: Added options for Insurance (Services BU), and split-out partners
B12: v7.7 | C12: 44823 | D12: Change to ONL data brief and adding in new channel suitable for ONL environment
C13: 44840 | D13: Updated the Staff/Onboarding to be the normal tickbox
C14: 44861 | D14: Updated the RTL related offer matrix/migration some changes from 7.6 which were previously missing
B15: v7.9 | C15: 45251 | D15: Added placeholders for Milkrun and <new partner>. Script is not yet enabled for these two
D16: Added a standard exclusion for engaged (has not clicked L26W). By default this is ticked for e-mail

Sheet Original Brief
B2: Status: | C2: Initial Walkthrough 09Nov17
B4: Section Name: | C4: 2. Data Brief
B6: Brief: | C6: As below
B8: Notes: | C8: In Column B
B11: Guidance Text | D11: Instructions:
D12: Please make a copy of the Form and Save to your Google Drive as: <Campaign Code>_2.0. Data - Data Brief Form_<v0.x>
D13: Complete the Form inputs
D14: Please Select "In" = Include, "Ex" = Exclude, where applicable. If a Data Field isn't relevant to the Business Area or Campaign, leave it Blank
D15: Save the Form as a PDF by selecting: File > Download as > PDF document (.pdf)
D16: Upload to the Task in Simple
B18: Highlight OR Fade Sections Below (with Underlined Business Area Headings) that Are OR Aren't relevant | D18: Please Note that the Data Brief Form is for all Business Areas
D19: The Form has Conditional Formatting to highlight the sections relevant to your Campaign
D22: Campaign Code
B23: Free Text | D23: e.g.: OSP-1001
B25: Hyperlink to relevant place in form | C25: A | D25: Target Audience Selection
B26: " | C26: A1 | D26: Business Area
B27: " | C27: A2 | D27: Member Status
B28: " | C28: A3 | D28: Business Area Subscriptions (by Channel)
B29: " | C29: A4 | D29: Channel Subscriptions (by Channel)
B31: " | C31: A5 | D31: Campaign Inclusions
B33: " | C33: A6 | D33: Global Exclusions
B34: " | C34: A7 | D34: Standard Exclusions
B35: " | C35: A8 | D35: Campaign Exclusions
B37: " | C37: A9 | D37: Duplicates
B39: " | C39: B | D39: Target Audience Segmentation
B40: " | C40: B1 | D40: Target Audience Cells
... B45: " | C45: D | D45: Analysis and Files
C48: A | D48: Target Audience Selection
C50: A1 | D50: Business Area
B51: Guidance Text | D51: Target Customer Base
B52: Multi Select - "In" OR Blank | C52: - | D52: Woolworths Rewards
C53: - | D53: Woolworths Rewards Plus
C54: - | D54: Frequent Shoppers Club [FSC]
C55: - | D55: Woolworths Online [ONL]
C56: - | D56: Services - Cards [SER]
C57: - | D57: Services - Insurance [SER]
C58: - | D58: Services - Mobile [SER]
C61: A2 | D61: Member Status
B62: Multi Select - "In" OR Blank | C62: - | D62: Member | Q62: Notes: Registered and Active
C63: - | D63: Non-Member
C66: A3 | D66: Business Area Subscriptions (by Channel) | I66: Channels
I67: Email | J67: Direct Mail | K67: SMS | L67: Dockets | M67: Social Media | N67: Programmatic | O67: Digital Channel
B68: Guidance Text / Dropdowns | D68: Select Campaign Channels | I68: Tick / "" | J68: Tick / "" | K68: Tick / "" | L68: Tick / "" | M68: Tick / "" | N68: Tick / "" | O68: Tick / ""
B70: If "A1. Business Area" Woolworths Rewards is selected: | D70: Woolworths Rewards Subscriptions [includes FSC] | I70: Highlight OR Fade Channel Columns that Are OR Aren't relevant
D71: Woolworths Rewards Communications = No | I71: In / Ex / "" | J71: In / Ex / "" | K71: In / Ex / "" | L71: In / Ex / "" | M71: In / Ex / "" | N71: In / Ex / "" | O71: In / Ex / ""
B72: Multi Select - "In" OR "Ex" OR Blank
D73: Exclusive Offers and Promotions = Yes | I73: In / Ex / "" | J73: etc.,
D74: Exclusive Offers and Promotions = No | I74: In / Ex / ""
D76: Market Research = Yes | I76: In / Ex / "" | J76: etc.,
D77: Market Research = No | I77: In / Ex / "" | J77: etc.,
D79: Woolworths Supermarkets = Yes | I79: In / Ex / "" | J79: etc.,
D80: Woolworths Supermarkets = No | I80: In / Ex / "" | J80: etc.,
D82: Woolworths Baby and Toddler Club = Yes | I82: In / Ex / "" | J82: etc.,
D83: Woolworths Baby and Toddler Club = No | I83: In / Ex / "" | J83: etc.,
D85: BWS = Yes | I85: In / Ex / "" | J85: etc.,
D86: BWS = No | I86: In / Ex / "" | J86: etc.,
D88: Liquor Communications = No | I88: In / Ex / "" | J88: etc.,
D90: Caltex Woolworths Fuel = Yes | I90: In / Ex / "" | J90: etc.,
D91: Caltex Woolworths Fuel = No | I91: In / Ex / "" | J91: etc.,
D93: Program Affiliates = Yes | I93: In / Ex / "" | J93: etc.,
... D130: Reloadable Prepaid Mastercard = No | I130: In / Ex / "" | J130: etc.,
B132: If "A1. Business Area" Woolworths Online is selected: | D132: Woolworths Online Subscriptions [ONL] | I132: Highlight OR Fade Channel Columns that Are OR Aren't relevant
D133: Online Customer = Yes | I133: In / Ex / "" | J133: etc.,
B134: Multi Select - "In" OR "Ex" OR Blank | D134: Catalogue Customer = Yes | I134: In / Ex / "" | J134: etc.,
B136: If "A1. Business Area" Woolworths Services is selected: | D136: Woolworths Services Subscriptions [SER] | I136: Highlight OR Fade Channel Columns that Are OR Aren't relevant
D137: Marketing Consent = Yes | I137: In / Ex / "" | J137: etc.,
D138: Marketing Consent = No | I138: In / Ex / "" | J138: etc.,
B140: Multi Select - "In" OR "Ex" OR Blank | D140: Woolworths Prepaid Mobile = Yes | I140: In / Ex / "" | J140: etc.,
D141: Woolworths Prepaid Mobile = No | I141: In / Ex / "" | J141: etc.,
D143: Woolworths Car Insurance = Yes | I143: In / Ex / "" | J143: etc.,
D144: Woolworths Car Insurance = No | I144: In / Ex / "" | J144: etc.,
D146: Woolworths Home Insurance = Yes | I146: In / Ex / "" | J146: etc.,
D147: Woolworths Home Insurance = No | I147: In / Ex / "" | J147: etc.,
D149: Woolworths Landlords Insurance = Yes | I149: In / Ex / "" | J149: etc.,
D150: Woolworths Landlords Insurance = No | I150: In / Ex / "" | J150: etc.,
D152: Woolworths Pet Insurance = Yes | I152: In / Ex / "" | J152: etc.,
D153: Woolworths Pet Insurance = No | I153: In / Ex / "" | J153: etc.,
D155: Woolworths Life Insurance = Yes | I155: In / Ex / "" | J155: etc.,
D156: Woolworths Life Insurance = No | I156: In / Ex / "" | J156: etc.,
D158: Woolworths Travel Insurance = Yes | I158: In / Ex / "" | J158: etc.,
... D165: Credit Cards = No | I165: In / Ex / "" | J165: etc.,
B168: If "A1. Business Area" ≠ Woolworths Services is selected: | C168: A4 | D168: Channel Subscriptions (by Channel, i.e.: as they apply to that Channel) | I168: Channels
I169: Email | J169: Direct Mail | K169: SMS | L169: Dockets | M169: Social Media | N169: Programmatic | O169: Digital Channel
B170: Multi Select - Could it Auto Populate from Row 68 Data? | I170: Could these boxes Auto Populate from Row 68 Data?
D172: Email | I172: Highlight OR Fade Channel Columns that Are OR Aren't relevant
B173: Multi Select - "In" OR "Ex" OR Blank | D173: Test Cards | I173: In / Ex / "" | J173: In / Ex / "" | K173: In / Ex / "" | L173: In / Ex / "" | M173: In / Ex / "" | N173: In / Ex / "" | O173: In / Ex / ""
D174: Email Contact Preference = Yes | I174: In / Ex / "" | J174: etc.,
D175: Email Contact Preference = No | I175: In / Ex / "" | J175: etc.,
D176: Email Hard Bounce | I176: In / Ex / "" | J176: etc.,
D177: Invalid Email Address | I177: In / Ex / "" | J177: etc.,
D179: Direct Mail
B180: Multi Select - "In" OR "Ex" OR Blank | D180: Test Cards | I180: In / Ex / "" | J180: etc.,
D181: Direct Mail Contact Preference = Yes | I181: In / Ex / "" | J181: etc.,
D182: Direct Mail Contact Preference = No | I182: In / Ex / "" | J182: etc.,
D183: Invalid Postal Address | I183: In / Ex / "" | J183: etc.,
D185: SMS
B186: Multi Select - "In" OR "Ex" OR Blank | D186: Test Cards | I186: In / Ex / "" | J186: etc.,
D187: SMS Contact Preference = Yes | I187: In / Ex / "" | J187: etc.,
D188: SMS Contact Preference = No | I188: In / Ex / "" | J188: etc.,
D189: Invalid Mobile Number | I189: In / Ex / "" | J189: etc.,
...

Sheet Split Brief
B5: Instructions:
B6: - Please make a copy of the Form and Save to your Google Drive as: <Campaign Code>_7.3 Reporting - Split Reporting Form_<v0.x>
B7: - Complete the Form inputs
B8: - Save the Form as a PDF by selecting: File > Download as > PDF document (.pdf)
B9: - Upload to the Task in Simple
B12: Reporting - Split Reporting
B14: Reference | C14: Description
B16: Split 1 | C16: Total | J16: e.g.: Split by Target Audience Cells
B17: Split 2 | C17: By non Marketable segments (split out by lapsed, inactive, New) | J17: e.g.: Split by Target Audience Age Groups: <30 Years and ≥ 30 Years
B18: Split 3 | C18: By marketable segments (split out by lapsed, inactive, new) | J18: e.g.: Split by Offer: 2,000 Points vs. $10
B19: Split 4 | C19: By segment total ( split out by lapsed, inactive, new). | J19: e.g.: Split by Creative A and Creative B
B20: Split 5 | C20: By marketable totals | J20: e.g.: Tag by State
B21: Split 6 | C21: By non marketbale totals
B24: Please include any additional comments or instructions:
